-- MySQL dump 10.13  Distrib 5.5.28, for debian-linux-gnu (x86_64)
--
-- Host: localhost    Database: boxoffice_database
-- ------------------------------------------------------
-- Server version	5.5.28-0ubuntu0.12.04.2

/*!40101 SET @OLD_CHARACTER_SET_CLIENT=@@CHARACTER_SET_CLIENT */;
/*!40101 SET @OLD_CHARACTER_SET_RESULTS=@@CHARACTER_SET_RESULTS */;
/*!40101 SET @OLD_COLLATION_CONNECTION=@@COLLATION_CONNECTION */;
/*!40101 SET NAMES utf8 */;
/*!40103 SET @OLD_TIME_ZONE=@@TIME_ZONE */;
/*!40103 SET TIME_ZONE='+00:00' */;
/*!40014 SET @OLD_UNIQUE_CHECKS=@@UNIQUE_CHECKS, UNIQUE_CHECKS=0 */;
/*!40014 SET @OLD_FOREIGN_KEY_CHECKS=@@FOREIGN_KEY_CHECKS, FOREIGN_KEY_CHECKS=0 */;
/*!40101 SET @OLD_SQL_MODE=@@SQL_MODE, SQL_MODE='NO_AUTO_VALUE_ON_ZERO' */;
/*!40111 SET @OLD_SQL_NOTES=@@SQL_NOTES, SQL_NOTES=0 */;

--
-- Table structure for table `auth_group`
--

DROP TABLE IF EXISTS `auth_group`;
/*!40101 SET @saved_cs_client     = @@character_set_client */;
/*!40101 SET character_set_client = utf8 */;
CREATE TABLE `auth_group` (
  `id` int(11) NOT NULL AUTO_INCREMENT,
  `name` varchar(80) NOT NULL,
  PRIMARY KEY (`id`),
  UNIQUE KEY `name` (`name`)
) ENGINE=InnoDB DEFAULT CHARSET=latin1;
/*!40101 SET character_set_client = @saved_cs_client */;

--
-- Dumping data for table `auth_group`
--

LOCK TABLES `auth_group` WRITE;
/*!40000 ALTER TABLE `auth_group` DISABLE KEYS */;
/*!40000 ALTER TABLE `auth_group` ENABLE KEYS */;
UNLOCK TABLES;

--
-- Table structure for table `auth_group_permissions`
--

DROP TABLE IF EXISTS `auth_group_permissions`;
/*!40101 SET @saved_cs_client     = @@character_set_client */;
/*!40101 SET character_set_client = utf8 */;
CREATE TABLE `auth_group_permissions` (
  `id` int(11) NOT NULL AUTO_INCREMENT,
  `group_id` int(11) NOT NULL,
  `permission_id` int(11) NOT NULL,
  PRIMARY KEY (`id`),
  UNIQUE KEY `group_id` (`group_id`,`permission_id`),
  KEY `auth_group__permission_id_1f49ccbbdc69d2fc_fk_auth_permission_id` (`permission_id`),
  CONSTRAINT `auth_group_permission_group_id_689710a9a73b7457_fk_auth_group_id` FOREIGN KEY (`group_id`) REFERENCES `auth_group` (`id`),
  CONSTRAINT `auth_group__permission_id_1f49ccbbdc69d2fc_fk_auth_permission_id` FOREIGN KEY (`permission_id`) REFERENCES `auth_permission` (`id`)
) ENGINE=InnoDB DEFAULT CHARSET=latin1;
/*!40101 SET character_set_client = @saved_cs_client */;

--
-- Dumping data for table `auth_group_permissions`
--

LOCK TABLES `auth_group_permissions` WRITE;
/*!40000 ALTER TABLE `auth_group_permissions` DISABLE KEYS */;
/*!40000 ALTER TABLE `auth_group_permissions` ENABLE KEYS */;
UNLOCK TABLES;

--
-- Table structure for table `auth_permission`
--

DROP TABLE IF EXISTS `auth_permission`;
/*!40101 SET @saved_cs_client     = @@character_set_client */;
/*!40101 SET character_set_client = utf8 */;
CREATE TABLE `auth_permission` (
  `id` int(11) NOT NULL AUTO_INCREMENT,
  `name` varchar(255) NOT NULL,
  `content_type_id` int(11) NOT NULL,
  `codename` varchar(100) NOT NULL,
  PRIMARY KEY (`id`),
  UNIQUE KEY `content_type_id` (`content_type_id`,`codename`),
  CONSTRAINT `auth__content_type_id_508cf46651277a81_fk_django_content_type_id` FOREIGN KEY (`content_type_id`) REFERENCES `django_content_type` (`id`)
) ENGINE=InnoDB AUTO_INCREMENT=52 DEFAULT CHARSET=latin1;
/*!40101 SET character_set_client = @saved_cs_client */;

--
-- Dumping data for table `auth_permission`
--

LOCK TABLES `auth_permission` WRITE;
/*!40000 ALTER TABLE `auth_permission` DISABLE KEYS */;
INSERT INTO `auth_permission` VALUES (1,'Can add log entry',1,'add_logentry'),(2,'Can change log entry',1,'change_logentry'),(3,'Can delete log entry',1,'delete_logentry'),(4,'Can add permission',2,'add_permission'),(5,'Can change permission',2,'change_permission'),(6,'Can delete permission',2,'delete_permission'),(7,'Can add group',3,'add_group'),(8,'Can change group',3,'change_group'),(9,'Can delete group',3,'delete_group'),(10,'Can add user',4,'add_user'),(11,'Can change user',4,'change_user'),(12,'Can delete user',4,'delete_user'),(13,'Can add content type',5,'add_contenttype'),(14,'Can change content type',5,'change_contenttype'),(15,'Can delete content type',5,'delete_contenttype'),(16,'Can add session',6,'add_session'),(17,'Can change session',6,'change_session'),(18,'Can delete session',6,'delete_session'),(19,'Can add update log',7,'add_updatelog'),(20,'Can change update log',7,'change_updatelog'),(21,'Can delete update log',7,'delete_updatelog'),(22,'Can add artist event',8,'add_artistevent'),(23,'Can change artist event',8,'change_artistevent'),(24,'Can delete artist event',8,'delete_artistevent'),(25,'Can add city',9,'add_city'),(26,'Can change city',9,'change_city'),(27,'Can delete city',9,'delete_city'),(28,'Can add venue',10,'add_venue'),(29,'Can change venue',10,'change_venue'),(30,'Can delete venue',10,'delete_venue'),(31,'Can add price',11,'add_price'),(32,'Can change price',11,'change_price'),(33,'Can delete price',11,'delete_price'),(34,'Can add promoter',12,'add_promoter'),(35,'Can change promoter',12,'change_promoter'),(36,'Can delete promoter',12,'delete_promoter'),(37,'Can add event',13,'add_event'),(38,'Can change event',13,'change_event'),(39,'Can delete event',13,'delete_event'),(40,'Can add event promoter',14,'add_eventpromoter'),(41,'Can change event promoter',14,'change_eventpromoter'),(42,'Can delete event promoter',14,'delete_eventpromoter'),(43,'Can add event price',15,'add_eventprice'),(44,'Can change event price',15,'change_eventprice'),(45,'Can delete event price',15,'delete_eventprice'),(46,'Can add date',16,'add_date'),(47,'Can change date',16,'change_date'),(48,'Can delete date',16,'delete_date'),(49,'Can add error log',17,'add_errorlog'),(50,'Can change error log',17,'change_errorlog'),(51,'Can delete error log',17,'delete_errorlog');
/*!40000 ALTER TABLE `auth_permission` ENABLE KEYS */;
UNLOCK TABLES;

--
-- Table structure for table `auth_user`
--

DROP TABLE IF EXISTS `auth_user`;
/*!40101 SET @saved_cs_client     = @@character_set_client */;
/*!40101 SET character_set_client = utf8 */;
CREATE TABLE `auth_user` (
  `id` int(11) NOT NULL AUTO_INCREMENT,
  `password` varchar(128) NOT NULL,
  `last_login` datetime DEFAULT NULL,
  `is_superuser` tinyint(1) NOT NULL,
  `username` varchar(30) NOT NULL,
  `first_name` varchar(30) NOT NULL,
  `last_name` varchar(30) NOT NULL,
  `email` varchar(254) NOT NULL,
  `is_staff` tinyint(1) NOT NULL,
  `is_active` tinyint(1) NOT NULL,
  `date_joined` datetime NOT NULL,
  PRIMARY KEY (`id`),
  UNIQUE KEY `username` (`username`)
) ENGINE=InnoDB DEFAULT CHARSET=latin1;
/*!40101 SET character_set_client = @saved_cs_client */;

--
-- Dumping data for table `auth_user`
--

LOCK TABLES `auth_user` WRITE;
/*!40000 ALTER TABLE `auth_user` DISABLE KEYS */;
/*!40000 ALTER TABLE `auth_user` ENABLE KEYS */;
UNLOCK TABLES;

--
-- Table structure for table `auth_user_groups`
--

DROP TABLE IF EXISTS `auth_user_groups`;
/*!40101 SET @saved_cs_client     = @@character_set_client */;
/*!40101 SET character_set_client = utf8 */;
CREATE TABLE `auth_user_groups` (
  `id` int(11) NOT NULL AUTO_INCREMENT,
  `user_id` int(11) NOT NULL,
  `group_id` int(11) NOT NULL,
  PRIMARY KEY (`id`),
  UNIQUE KEY `user_id` (`user_id`,`group_id`),
  KEY `auth_user_groups_group_id_33ac548dcf5f8e37_fk_auth_group_id` (`group_id`),
  CONSTRAINT `auth_user_groups_group_id_33ac548dcf5f8e37_fk_auth_group_id` FOREIGN KEY (`group_id`) REFERENCES `auth_group` (`id`),
  CONSTRAINT `auth_user_groups_user_id_4b5ed4ffdb8fd9b0_fk_auth_user_id` FOREIGN KEY (`user_id`) REFERENCES `auth_user` (`id`)
) ENGINE=InnoDB DEFAULT CHARSET=latin1;
/*!40101 SET character_set_client = @saved_cs_client */;

--
-- Dumping data for table `auth_user_groups`
--

LOCK TABLES `auth_user_groups` WRITE;
/*!40000 ALTER TABLE `auth_user_groups` DISABLE KEYS */;
/*!40000 ALTER TABLE `auth_user_groups` ENABLE KEYS */;
UNLOCK TABLES;

--
-- Table structure for table `auth_user_user_permissions`
--

DROP TABLE IF EXISTS `auth_user_user_permissions`;
/*!40101 SET @saved_cs_client     = @@character_set_client */;
/*!40101 SET character_set_client = utf8 */;
CREATE TABLE `auth_user_user_permissions` (
  `id` int(11) NOT NULL AUTO_INCREMENT,
  `user_id` int(11) NOT NULL,
  `permission_id` int(11) NOT NULL,
  PRIMARY KEY (`id`),
  UNIQUE KEY `user_id` (`user_id`,`permission_id`),
  KEY `auth_user_u_permission_id_384b62483d7071f0_fk_auth_permission_id` (`permission_id`),
  CONSTRAINT `auth_user_user_permissi_user_id_7f0938558328534a_fk_auth_user_id` FOREIGN KEY (`user_id`) REFERENCES `auth_user` (`id`),
  CONSTRAINT `auth_user_u_permission_id_384b62483d7071f0_fk_auth_permission_id` FOREIGN KEY (`permission_id`) REFERENCES `auth_permission` (`id`)
) ENGINE=InnoDB DEFAULT CHARSET=latin1;
/*!40101 SET character_set_client = @saved_cs_client */;

--
-- Dumping data for table `auth_user_user_permissions`
--

LOCK TABLES `auth_user_user_permissions` WRITE;
/*!40000 ALTER TABLE `auth_user_user_permissions` DISABLE KEYS */;
/*!40000 ALTER TABLE `auth_user_user_permissions` ENABLE KEYS */;
UNLOCK TABLES;

--
-- Table structure for table `boxoffice_app_artistevent`
--

DROP TABLE IF EXISTS `boxoffice_app_artistevent`;
/*!40101 SET @saved_cs_client     = @@character_set_client */;
/*!40101 SET character_set_client = utf8 */;
CREATE TABLE `boxoffice_app_artistevent` (
  `id` int(11) NOT NULL AUTO_INCREMENT,
  `name` varchar(512) NOT NULL,
  PRIMARY KEY (`id`)
) ENGINE=InnoDB AUTO_INCREMENT=397 DEFAULT CHARSET=latin1;
/*!40101 SET character_set_client = @saved_cs_client */;

--
-- Dumping data for table `boxoffice_app_artistevent`
--

LOCK TABLES `boxoffice_app_artistevent` WRITE;
/*!40000 ALTER TABLE `boxoffice_app_artistevent` DISABLE KEYS */;
INSERT INTO `boxoffice_app_artistevent` VALUES (1,'Taylor Swift, Vance Joy'),(2,'Taylor Swift'),(3,'Billy Joel'),(4,'Juan Gabriel'),(5,'Sam Smith, Emma Louise'),(6,'Trans-Siberian Orchestra'),(7,'Amy Grant & Michael W. Smith'),(8,'Knockout Circuz: Tha Playah, Darren Styles, Technoboy, Wasted Penguinz, Code Black, Audiofreq'),(9,'Motley Crue, Alice Cooper, The Cringe'),(10,'Ricky Martin, Wisin'),(11,'The Amity Affliction & A Day to Remember, Hands Like Houses, Motionless in White'),(12,'Rise Against, Outright, Clowns'),(13,'Daryl Hall & John Oates'),(14,'Hermitude, The Meeting Tree, Kilter'),(15,'Celtic Woman'),(16,'Little Big Town'),(17,'CMT On Tour: Brett Eldredge, Thomas Rhett'),(18,'Straight No Chaser'),(19,'Rhymesayers 20th Anniversary Concert: Atmosphere, Brother Ali, P.O.S.'),(20,'Rob Thomas & Adam Lambert'),(21,'Kenny Rogers'),(22,'Lorie Line'),(23,'Scott Bradlee\'s Postmodern Jukebox'),(24,'Tommy Emmanuel'),(25,'Wynonna Judd, Ruthie Collins'),(26,'Andrew Peterson, Cindy Morgan'),(27,'U2'),(28,'Madonna, Lunice'),(29,'Madonna, DJ Mary Mac'),(30,'Cold Chisel, Grinspoon'),(31,'Elton John, Tate Sheridan, Vance Joy'),(32,'John Farnham, Ross Wilson & the Peaceniks, Daryl Braithwaite'),(33,'Chris Cornell, Dave Le\'aupepe'),(34,'Heart'),(35,'Andrew Bird, Jason Adasiewicz'),(36,'WTMX Miracle on State Street: Nico & Vinz, George Ezra, Elle King, Third Eye Blind'),(37,'The Arcs, Mariachi Flor de Toloache'),(38,'Evansville Philharmonic Orchestra: Peppermint Pops featuring Rachel Potter'),(39,'R5'),(40,'The 1975, Swim Deep'),(41,'Glen Hansard, Aoife O\'Donovan'),(42,'Kenny G'),(43,'Allen Stone, Jmsn'),(44,'Mavis Staples & Joan Osborne'),(45,'Patti Smith'),(46,'Pablo Cruise'),(47,'Brendan Bayliss & Jake Cinninger'),(48,'The Tenors'),(49,'Evansville Philharmonic Orchestra: Candy Cane Express'),(50,'Evansville Philharmonic Youth Orchestra Fall Concert'),(51,'Alexander McCall Smith'),(52,'Alex Honnold'),(53,'Joseph Arthur'),(54,'Elvis Perkins, Kinsey'),(55,'Rocky Dawuni'),(56,'The Blue Ribbons'),(57,'Dead Criminals'),(58,'Tiger Saw'),(59,'Electric Daisy Carnival'),(60,'Paul McCartney'),(61,'Andre Rieu'),(62,'The Weeknd, Travis Scott, Banks'),(63,'Stromae, Janelle Monae'),(64,'Ricky Martin'),(65,'String Cheese Incident'),(66,'Olivia Newton-John'),(67,'Alejandro Fernandez'),(68,'Kem'),(69,'Mark Knopfler'),(70,'Dave Koz & Friends Christmas Tour'),(71,'King Diamond'),(72,'Grace Potter & The Nocturnals, Trampled By Turtles'),(73,'All Time Low & Sleeping With Sirens'),(74,'Star 94 Jingle Jam: Andy Grammer, Pentatonix, Needtobreathe'),(75,'Johnny Mathis'),(76,'Indigo Girls, A Fragile Tomorrow'),(77,'Glen Hansard'),(78,'Parov Stelar'),(79,'Keith and Kristyn Getty'),(80,'Squeeze Acoustic'),(81,'Third Eye Blind'),(82,'Loreena McKennitt'),(83,'J Balvin'),(84,'Lettuce'),(85,'Chase Rice'),(86,'One Ok Rock'),(87,'Cypress Hill'),(88,'Rob Thomas'),(89,'Kacey Musgraves'),(90,'Circa Survive'),(91,'America\'s Got Talent Live'),(92,'South Bend Symphony Orchestra: Home for the Holidays'),(93,'Danzig'),(94,'Klingande'),(95,'The Academy Is...'),(96,'Public Image Ltd.'),(97,'Jessie James Decker'),(98,'Mayday Parade, Real Friends'),(99,'Cole Swindell'),(100,'Dark Star Orchestra'),(101,'The New Deal, Boombox'),(102,'The Winery Dogs'),(103,'Don Williams'),(104,'Emancipator Ensemble'),(105,'SOJA'),(106,'Dustin Lynch'),(107,'Dan + Shay'),(108,'Falling In Reverse, Atilla'),(109,'Paradise Waits'),(110,'Old Dominion'),(111,'Mat Kearney'),(112,'The Wonder Years & Motion City Soundtrack'),(113,'August Burns Red'),(114,'Motionless in White'),(115,'Girls Night In'),(116,'Turnpike Troubadours'),(117,'The Story So Far'),(118,'Suicide Girls'),(119,'The Amity Affliction'),(120,'Granger Smith'),(121,'Maddie & Tae'),(122,'Silverstein & Senses Fail'),(123,'Nothing More'),(124,'DigiTour'),(125,'Plain White T\'s'),(126,'Madisen Ward & the Mama Bear'),(127,'David Gilmour'),(128,'Michael McIntyre, Paul Tonkinson'),(129,'Kevin Bridges, Romesh Ranganattan'),(130,'Bassnectar, Paper Diamond, The Glitch Mob, Psymbionic'),(131,'Kevin Hart'),(132,'Jerry Seinfeld'),(133,'Simply Red, Natalie Imbruglia'),(134,'Gabriel Iglesias'),(135,'Zac Brown Band, Drake White'),(136,'Simple Minds, The Stranglers'),(137,'Muse, Phantogram'),(138,'Imagine Dragons, Sunset Sons'),(139,'Duran Duran, Seal'),(140,'The Prodigy, Public Enemy'),(141,'50 Cent, Riz, DJ Collins Francis'),(142,'Jeff Dunham'),(143,'Faithless, UTRB'),(144,'Paul Weller, Young Fathers'),(145,'Brian Setzer Orchestra'),(146,'Darius Rucker, David Nail, A Thousand Horses'),(147,'Morrissey'),(148,'Disclosure, Lion Babe, Jackmaster'),(149,'Kraftwerk'),(150,'Thievery Corporation'),(151,'Beach House, Deradoorian, Papercuts, Holy Shit, Skyler Skjelset'),(152,'Old School Hip Hop Jam: Keith Sweat, Ginuwine, 112, Dru Hill'),(153,'Boney James, Eric Benet & Peter White, Mindi Abair, Rick Braun'),(154,'The Whispers & Stephanie Mills, The Temptations Review featuring Dennis Edwards'),(155,'Moein'),(156,'Mannheim Steamroller'),(157,'Gary Clark Jr., Lawrence Taylor, Andra Day, James Bullard'),(158,'Cedric the Entertainer'),(159,'Diversity'),(160,'Jackson Browne, Larry Campbell, Theresa Williams'),(161,'The Tenderloins'),(162,'The Temptations'),(163,'Festival of Praise: Fred Hammond, Donnie McClurkin, Kim Burrell, Israel Houghton'),(164,'St. Paul & the Broken Bones, Seratones, Trouble Funk'),(165,'Jake Owen'),(166,'Gogol Bordello, Chicano Batman'),(167,'The 1975'),(168,'Squeeze'),(169,'Deftones, Plague Vendor'),(170,'Don Williams, Colm Kirwan'),(171,'RL Grime'),(172,'X107.5 Holiday Havoc: Bastille'),(173,'Craig Ferguson'),(174,'The Ten Tenors'),(175,'Marina & the Diamonds'),(176,'West Coast Feast: Bone Thugs \'N Harmony, DJ Quik, Collie Buddz'),(177,'Kalin and Myles, Dawin, Skylar Stecker'),(178,'Chvrches, Baio'),(179,'Sandy Hackett\'s Rat Pack Christmas'),(180,'Damien Rice, My Bubba, Red Harp'),(181,'Andrew McMahon & New Politics'),(182,'Run The Jewels, Boots'),(183,'Kamasi Washington'),(184,'Reading Symphony Orchestra'),(185,'Kevin Gates & Scoremore, Jay Lewis, Geaux Yella, OG Bobbie Black'),(186,'Clutch, Crobot, Valkyrie'),(187,'Chase Rice, The Cadillac Three, Luke Combs'),(188,'Awolnation, Meg Myers, Irontom'),(189,'Dawes'),(190,'Laurie Berkner Band'),(191,'Brillz, Party Favor, Ghastly, Willy Joy'),(192,'Keller Williams, Larry Keel, Jason Carter, Jay Starling, Travis Book, Chris Pandolfi, Cabinet'),(193,'Deerhunter, Atlas Sound'),(194,'Raheem DeVaughn & Leela James, V Bozeman'),(195,'Judy Collins'),(196,'Mr. Carmack'),(197,'Trace Adkins'),(198,'The Get Up Kids'),(199,'Mac DeMarco'),(200,'Frank Caliendo'),(201,'Slow Magic, Giraffage, Lindsay Lowend'),(202,'Ryn Weaver, Astr, Holychild'),(203,'Carly Rae Jepsen'),(204,'Hopsin, Dizzy Wright, Jarren Benton, DJ Hoppa'),(205,'Hollywood Babble-On with Kevin Smith & Ralph Garman'),(206,'Dead Milkmen'),(207,'Jim Breuer'),(208,'Luna'),(209,'The English Beat'),(210,'The Bright Light Social Hour, Abram Shook, The Halfways, The Eastern Sea, Migrant Kids'),(211,'San Fermin, Sam Amidon'),(212,'Ralphie May'),(213,'Falling In Reverse, Metro Station, Assuming We Survive, Attila'),(214,'The Sword'),(215,'Graveyard, Earthless'),(216,'Nick Lowe, The Cactus Blossoms, Los Straitjackets'),(217,'Robert Cray Band, Shemekia Copeland'),(218,'Blindside'),(219,'Corey Smith'),(220,'Owl City'),(221,'Zella Day, Harriet'),(222,'JoJo'),(223,'Marshmello, Gamma, Viciouz Viv'),(224,'Joe Budden'),(225,'Murs, Kno, King Fantastic, Kembe X, Scoop Deville'),(226,'Peaches'),(227,'Smallpools'),(228,'Who\'s Bad - A Tribute to Michael Jackson'),(229,'The Paper Kites, Old Man Canyon'),(230,'Joshua Radin'),(231,'Tanlines, IO Echo'),(232,'Robert Earl Keen'),(233,'Sister Hazel'),(234,'The Struts, John Jacob Magistery'),(235,'Granger Smith, Clark Manson'),(236,'Family Of The Year'),(237,'Lacs, Hard Targets'),(238,'Yasqueen: Homo for the Holidays with DJ Deedub, DJ Mim, Tayylor Made'),(239,'Glorious Sons, Poor Young Things, Northcote'),(240,'The Heydaze'),(241,'Midland Odessa Symphony & Chorale: Late Beethoven Cycle'),(242,'The Damn Quails, Ali Holder'),(243,'Tahoma, Charlie King, Anthony Da Costa'),(244,'Black Pistol Fire, No Aloha'),(245,'Ben Millburn'),(246,'Reba McEntire & Brooks & Dunn'),(247,'Daddy Yankee & Don Omar'),(248,'Motley Crue'),(249,'Chayanne'),(250,'Julion Alvarez'),(251,'Hot 99.5 Jingle Ball: Demi Lovato, 5 Seconds of Summer, Shawn Mendes, Zedd & others'),(252,'The Weeknd, Travis Scott'),(253,'Dead & Company'),(254,'Odesza'),(255,'Placido Domingo'),(256,'Emmanuel & Mijares'),(257,'Gerardo Ortiz'),(258,'Def Leppard, Live, Baby Animals'),(259,'Keith Urban'),(260,'Clyde 1 Live: Stereophonics, The Foxes, Kodaline, Tom O\'Dell, Noel Gallagher\'s High Flying Birds'),(261,'Marianas Trench'),(262,'Sasha, Benny y Erik'),(263,'Festival Supreme: Henry Rollins, Tig Notaro, Greg Behrendt, Bill Burr & others'),(264,'Natalia Lafourcade'),(265,'KOST 103.5 ChristmasLand: Train, Pentatonix, Andy Grammer'),(266,'Eason Chan'),(267,'Lila Downs'),(268,'Buena Vista Social Club'),(269,'Tania Libertad, Eugenia Leon, Guadalupe Pineda'),(270,'Aleks Syntek, Cristian Castro'),(271,'Chance the Rapper'),(272,'Yuridia'),(273,'Miguel Bose'),(274,'The New Standards'),(275,'Ana Torroja'),(276,'Alt-J, Ghostpoet, The Horrors'),(277,'Sam Hunt, Carter Winter'),(278,'Jackson Browne'),(279,'Colors of Christmas: Peabo Bryson, Oleta Adams, Marilyn McCoo & Billy Davis, Jr., Bebe Winans'),(280,'Alice Cooper'),(281,'The Waterboys, Jarred Dickenson'),(282,'Brian Setzer Orchestra, Low Volts'),(283,'John Prine, Elizabeth Cook'),(284,'Brian Regan'),(285,'Ronnie Spector'),(286,'Jim Jefferies'),(287,'Howie Mandel'),(288,'Black Jacket Symphony'),(289,'Raffi'),(290,'All Time Low & Sleeping With Sirens, Neck Deep'),(291,'Midland Odessa Symphony & Chorale: Sounds of the Season'),(292,'The Chainsmokers, Matoma, Shaun Frank, Steve James'),(293,'Joe Nichols, Temecula Road'),(294,'Punch Brothers, Gabriel Kahane'),(295,'Ben Folds'),(296,'Empire of the Sun'),(297,'Youssou N\'Dour'),(298,'Blind Guardian, Grave Digger'),(299,'Ronnie Milsap'),(300,'Under the Streetlamp'),(301,'Punch Brothers'),(302,'Moon Taxi, The Lonely Biscuits, Kopecky'),(303,'Cafe Tacvba'),(304,'Randy Houser, Frankie Ballard, Craig Campbell'),(305,'James Bay'),(306,'Billy Gibbons'),(307,'Lianne La Havas, Keenan O\'Meara'),(308,'Timeflies'),(309,'The Fab Four - The Ultimate Beatles Tribute'),(310,'George Clinton'),(311,'The Chainsmokers, Matoma, Shaun Frank, Super Duper, Marcobiotics'),(312,'Beirut, Icy Demons'),(313,'Mac Miller'),(314,'White Ford Bronco'),(315,'December People'),(316,'MisterWives'),(317,'Sleeping With Sirens, Neck Deep, One OK Rock'),(318,'Richard Thompson'),(319,'Pop Evil, Wilson, Kaleido'),(320,'Diamond Rio'),(321,'Trombone Shorty & Orleans Avenue, New Breed Brass Band'),(322,'Uncle Kracker, Jelly Roll, Brian Lorente'),(323,'Jonny Lang, Dwan Hill'),(324,'The Wizards of Winter'),(325,'Ex Hex, Ed Schrader\'s Music Beat, Mac McAughan & the Non Believers'),(326,'The Academy Is..., PartyBaby'),(327,'Dale Earnhardt Jr. Jr.'),(328,'Suicide Girls, Kountry Kittens Burlesque'),(329,'Alvvays, Los Angeles Police Department'),(330,'Big K.R.I.T., BJ the Chicago Kid'),(331,'Fiesta Navidad, Mariachi Los Camperos de Nati Cano'),(332,'Jim Breuer, Ryan Reiss'),(333,'EL VY, Hibou'),(334,'Kamelot, DragonForce'),(335,'Greensky Bluegrass'),(336,'Jake Shimabukuro'),(337,'Lil\' Dicky, Alex Wiley, DJ Amen'),(338,'Dean Ween Group, Great Good Fine OK'),(339,'The Grouch & Eligh, Chali 2na, The Reminders'),(340,'The Pietasters, Slackers, Combs'),(341,'Patrick Watson, Blood and Glass'),(342,'Yacht, Sage Caswell'),(343,'Oneohtrix Point Never, James Ferraro'),(344,'Allan Holdsworth'),(345,'Doomtree'),(346,'Infected Mushroom, Klees, DJ Element'),(347,'New Politics'),(348,'Vintage Trouble, Greg Holden'),(349,'Albert Hammond, Jr., Day Wave'),(350,'Marianas Trench, Secret Someones'),(351,'Godflesh, Prurient'),(352,'Dam-Funk, Nite Jewel, Sweater Funk'),(353,'John Grant, Bright Light Bright Light'),(354,'Man Man, Shilpa Ray'),(355,'Blitzen Trapper, Phoebe Bridgers'),(356,'Sam Feldt, MPHD'),(357,'Chris Janson'),(358,'Modern Baseball'),(359,'Polyphonic Spree, Andy, Erased Text, Magic Cyclops'),(360,'The Hood Internet, Niteppl, Cellus'),(361,'Youngblood Brass Band, Royal Jelly Jive'),(362,'Bob Schneider, Cleopatra Degher'),(363,'Lane 8, MPHD, Split'),(364,'Jess Glynne, Avery Wilson'),(365,'Vacationer, Great Good Fine OK'),(366,'Marian Hill, Heavy Mellow'),(367,'Small Black, Painted Palms, Hazel English'),(368,'Borns, Avid Dancer'),(369,'Throwing Shade'),(370,'Gardens & Villa, De Lux, Hazel English'),(371,'Wild Child, Max Frost, Flower Punks'),(372,'Bridget Everett'),(373,'Corrosion of Conformity, Brant Bjork & the Low Desert Punk Band, Saviours, Mothership'),(374,'Oh Land, Panic is Perfect'),(375,'Cameron Esposito, Rhea Butcher'),(376,'Beat Connection, Phantoms, Parentz'),(377,'I Prevail, Versus Me'),(378,'Twiddle'),(379,'Andy Daly'),(380,'Aaron Watson'),(381,'Givers, Caddywhompus'),(382,'Ghostland Observatory'),(383,'Andy McKee'),(384,'Tameca Jones, DJ Kay Cali'),(385,'Local H, The Hussy'),(386,'RAC'),(387,'Legendary Shack Shakers'),(388,'The Wind & the Wave, Bee Caves'),(389,'Joseph Arthur, Kensico'),(390,'Junior Brown'),(391,'Ian Thornley, Pick Brothers Band'),(392,'Great Lake Swimmers, Building On Buildings'),(393,'Lera Lynn, Dylan LeBlanc'),(394,'The Royal Concept, Parade of Lights'),(395,'Blue Water Highway, Zac Wilkerson Band'),(396,'Gavin James');
/*!40000 ALTER TABLE `boxoffice_app_artistevent` ENABLE KEYS */;
UNLOCK TABLES;

--
-- Table structure for table `boxoffice_app_city`
--

DROP TABLE IF EXISTS `boxoffice_app_city`;
/*!40101 SET @saved_cs_client     = @@character_set_client */;
/*!40101 SET character_set_client = utf8 */;
CREATE TABLE `boxoffice_app_city` (
  `id` int(11) NOT NULL AUTO_INCREMENT,
  `name` varchar(256) NOT NULL,
  `state` varchar(256) NOT NULL,
  PRIMARY KEY (`id`)
) ENGINE=InnoDB AUTO_INCREMENT=150 DEFAULT CHARSET=latin1;
/*!40101 SET character_set_client = @saved_cs_client */;

--
-- Dumping data for table `boxoffice_app_city`
--

LOCK TABLES `boxoffice_app_city` WRITE;
/*!40000 ALTER TABLE `boxoffice_app_city` DISABLE KEYS */;
INSERT INTO `boxoffice_app_city` VALUES (1,'Melbourne',' Australia'),(2,'Sydney',' Australia'),(3,'Shanghai',' China'),(4,'Brisbane',' Australia'),(5,'Adelaide',' Australia'),(6,'Charlotte',' N.C.'),(7,'San Jose',' Calif.'),(8,'El Paso',' Texas'),(9,'Dallas',' Texas'),(10,'Bakersfield',' Calif.'),(11,'Tucson',' Ariz.'),(12,'New Orleans',' La.'),(13,'Minneapolis',' Minn.'),(14,'Austin',' Texas'),(15,'Atlantic City',' N.J.'),(16,'Durham',' N.C.'),(17,'Uncasville',' Conn.'),(18,'Las Vegas',' Nev.'),(19,'Fairfax',' Va.'),(20,'Cedar Rapids',' Iowa'),(21,'Burnsville',' Minn.'),(22,'Houston',' Texas'),(23,'Evansville',' Ind.'),(24,'Paris',' France'),(25,'Dublin',' Ireland'),(26,'London',' U.K.'),(27,'Turin',' Italy'),(28,'Amsterdam',' Netherlands'),(29,'Glasgow',' U.K.'),(30,'Belfast',' U.K.'),(31,'Barcelona',' Spain'),(32,'Antwerp',' Belgium'),(33,'Mannheim',' Germany'),(34,'Herning',' Denmark'),(35,'North Little Rock',' Ark.'),(36,'Valley Center',' Calif.'),(37,'Chicago',' Ill.'),(38,'Asuncion',' Paraguay'),(39,'Detroit',' Mich.'),(40,'Los Angeles',' Calif.'),(41,'Portsmouth',' N.H.'),(42,'Stateline',' Nev.'),(43,'Montreal',' Quebec'),(44,'Orlando',' Fla.'),(45,'Buffalo',' N.Y.'),(46,'University Park',' Pa.'),(47,'Auburn Hills',' Mich.'),(48,'Birmingham',' U.K.'),(49,'Arnhem',' Netherlands'),(50,'Aberdeen',' U.K.'),(51,'Liverpool',' U.K.'),(52,'Sheffield',' U.K.'),(53,'Manchester',' U.K.'),(54,'New York',' N.Y.'),(55,'Nottingham',' U.K.'),(56,'Brussels',' Belgium'),(57,'Newcastle',' U.K.'),(58,'North Charleston',' S.C.'),(59,'Cerritos',' Calif.'),(60,'Atlanta',' Ga.'),(61,'South Bend',' Ind.'),(62,'Charleston',' S.C.'),(63,'Pittsburgh',' Pa.'),(64,'Columbia',' S.C.'),(65,'Syracuse',' N.Y.'),(66,'Red Bank',' N.J.'),(67,'New Haven',' Conn.'),(68,'Freehold',' N.J.'),(69,'Patchogue',' N.Y.'),(70,'Clifton Park',' N.Y.'),(71,'Raleigh',' N.C.'),(72,'Sao Paulo',' Brazil'),(73,'Buenos Aires',' Argentina'),(74,'Santiago',' Chile'),(75,'Porto Alegre',' Brazil'),(76,'Curitiba',' Brazil'),(77,'Sunrise',' Fla.'),(78,'Birmingham',' Ala.'),(79,'Grand Rapids',' Mich.'),(80,'Ontario',' Calif.'),(81,'Reading',' Pa.'),(82,'London',' Ontario'),(83,'Philadelphia',' Pa.'),(84,'Washington',' D.C.'),(85,'Everett',' Wash.'),(86,'Morristown',' N.J.'),(87,'Pomona',' Calif.'),(88,'Midland',' Texas'),(89,'Nashville',' Tenn.'),(90,'Wilmington',' Del.'),(91,'Memphis',' Tenn.'),(92,'Tarrytown',' N.Y.'),(93,'Tuscaloosa',' Ala.'),(94,'Stroudsburg',' Pa.'),(95,'San Juan',' Puerto Rico'),(96,'Mexico City',' Mexico'),(97,'St. Louis',' Mo.'),(98,'Columbus',' Ohio'),(99,'San Francisco',' Calif.'),(100,'Louisville',' Ky.'),(101,'Honolulu',' Hawaii'),(102,'Leeds',' U.K.'),(103,'Brighton',' U.K.'),(104,'Bournemouth',' U.K.'),(105,'Seattle',' Wash.'),(106,'Sarasota',' Fla.'),(107,'San Diego',' Calif.'),(108,'Fort Myers',' Fla.'),(109,'Lima',' Peru'),(110,'Cardiff',' U.K.'),(111,'Miami',' Fla.'),(112,'Wilkes-Barre',' Pa.'),(113,'Gateshead',' U.K.'),(114,'Mendoza',' Argentina'),(115,'Bristol',' U.K.'),(116,'Coral Springs',' Fla.'),(117,'Leicester',' U.K.'),(118,'Cordoba',' Argentina'),(119,'Clearwater',' Fla.'),(120,'York',' U.K.'),(121,'Portland',' Ore.'),(122,'Cambridge',' U.K.'),(123,'Cleveland',' Ohio'),(124,'Portsmouth',' U.K.'),(125,'Watford',' U.K.'),(126,'Plymouth',' U.K.'),(127,'Tampa',' Fla.'),(128,'Vancouver',' British Columbia'),(129,'Royal Oak',' Mich.'),(130,'Llandudno',' U.K.'),(131,'Guildford',' U.K.'),(132,'Madison',' Wis.'),(133,'Anaheim',' Calif.'),(134,'Jacksonville',' Fla.'),(135,'Southend',' U.K.'),(136,'Thousand Oaks',' Calif.'),(137,'Fort Lauderdale',' Fla.'),(138,'Calgary',' Alberta'),(139,'Lawrence',' Kan.'),(140,'Des Moines',' Iowa'),(141,'Saskatoon',' Saskatchewan'),(142,'Rio de Janeiro',' Brazil'),(143,'Winnipeg',' Manitoba'),(144,'Green Bay',' Wis.'),(145,'Rochester',' Minn.'),(146,'St. Petersburg',' Fla.'),(147,'Kansas City',' Mo.'),(148,'Milwaukee',' Wis.'),(149,'Ferndale',' Mich.');
/*!40000 ALTER TABLE `boxoffice_app_city` ENABLE KEYS */;
UNLOCK TABLES;

--
-- Table structure for table `boxoffice_app_date`
--

DROP TABLE IF EXISTS `boxoffice_app_date`;
/*!40101 SET @saved_cs_client     = @@character_set_client */;
/*!40101 SET character_set_client = utf8 */;
CREATE TABLE `boxoffice_app_date` (
  `id` int(11) NOT NULL AUTO_INCREMENT,
  `event_id` int(11) NOT NULL,
  `event_date` date NOT NULL,
  PRIMARY KEY (`id`),
  UNIQUE KEY `event_id` (`event_id`,`event_date`),
  CONSTRAINT `boxoffice_ap_event_id_2e2e16b334735d9f_fk_boxoffice_app_event_id` FOREIGN KEY (`event_id`) REFERENCES `boxoffice_app_event` (`id`)
) ENGINE=InnoDB AUTO_INCREMENT=645 DEFAULT CHARSET=latin1;
/*!40101 SET character_set_client = @saved_cs_client */;

--
-- Dumping data for table `boxoffice_app_date`
--

LOCK TABLES `boxoffice_app_date` WRITE;
/*!40000 ALTER TABLE `boxoffice_app_date` DISABLE KEYS */;
INSERT INTO `boxoffice_app_date` VALUES (1,1,'2015-12-10'),(2,1,'2015-12-11'),(3,1,'2015-12-12'),(4,2,'2015-11-28'),(5,3,'2015-11-10'),(6,3,'2015-11-11'),(7,3,'2015-11-12'),(8,4,'2015-12-05'),(9,5,'2015-12-07'),(10,5,'2015-12-08'),(11,6,'2015-12-05'),(12,7,'2015-11-27'),(13,8,'2015-12-04'),(14,8,'2015-12-05'),(15,9,'2015-12-06'),(16,10,'2015-12-03'),(17,11,'2015-11-25'),(18,12,'2015-11-29'),(19,13,'2015-12-10'),(20,14,'2015-12-12'),(21,15,'2015-12-09'),(22,16,'2015-12-12'),(23,17,'2015-12-08'),(24,18,'2015-10-17'),(25,19,'2015-12-12'),(26,20,'2015-12-05'),(27,21,'2015-12-08'),(28,22,'2015-11-27'),(29,23,'2015-12-06'),(30,24,'2015-12-04'),(31,25,'2015-12-04'),(32,26,'2015-12-04'),(33,27,'2015-12-04'),(34,28,'2015-12-05'),(35,29,'2015-12-01'),(36,30,'2015-12-04'),(37,30,'2015-12-05'),(38,31,'2015-12-02'),(39,32,'2015-12-02'),(40,33,'2015-12-03'),(41,34,'2015-12-02'),(42,35,'2015-11-10'),(43,35,'2015-11-11'),(44,35,'2015-12-06'),(45,35,'2015-12-07'),(46,36,'2015-11-23'),(47,36,'2015-11-24'),(48,36,'2015-11-27'),(49,36,'2015-11-28'),(50,37,'2015-12-01'),(51,37,'2015-12-02'),(53,38,'2015-12-09'),(52,38,'2015-12-10'),(54,39,'2015-11-19'),(55,39,'2015-11-21'),(56,39,'2015-11-22'),(57,40,'2015-12-05'),(58,40,'2015-12-06'),(59,41,'2015-11-06'),(60,41,'2015-11-07'),(61,42,'2015-11-18'),(62,42,'2015-11-19'),(63,43,'2015-11-24'),(64,43,'2015-11-25'),(65,44,'2015-11-28'),(66,45,'2015-12-15'),(67,45,'2015-12-17'),(68,45,'2015-12-18'),(69,46,'2015-12-19'),(70,47,'2015-11-29'),(71,48,'2015-11-16'),(72,49,'2015-12-16'),(73,50,'2015-12-17'),(74,51,'2015-12-03'),(75,51,'2015-12-04'),(76,52,'2015-11-15'),(78,53,'2015-12-07'),(79,53,'2015-12-08'),(80,53,'2015-12-09'),(77,53,'2015-12-10'),(81,54,'2015-12-05'),(82,55,'2015-12-02'),(83,55,'2015-12-03'),(84,56,'2015-12-05'),(85,56,'2015-12-06'),(86,57,'2015-12-15'),(87,58,'2015-12-08'),(88,59,'2015-11-20'),(89,60,'2015-12-16'),(90,61,'2015-10-24'),(91,62,'2015-11-12'),(92,63,'2015-11-07'),(93,64,'2015-11-28'),(94,65,'2015-12-11'),(95,66,'2015-12-12'),(96,67,'2015-12-16'),(97,68,'2015-12-05'),(98,69,'2015-11-21'),(99,70,'2015-11-11'),(100,71,'2015-11-10'),(101,72,'2015-11-14'),(102,73,'2015-12-15'),(103,74,'2015-11-21'),(104,75,'2015-11-07'),(105,76,'2015-11-13'),(106,77,'2015-11-06'),(107,78,'2015-11-06'),(108,78,'2015-11-07'),(109,79,'2015-10-22'),(110,80,'2015-10-15'),(111,81,'2015-12-22'),(112,81,'2015-12-23'),(113,82,'2015-12-04'),(114,82,'2015-12-05'),(115,83,'2015-11-07'),(116,84,'2015-12-16'),(117,85,'2015-12-12'),(118,86,'2015-11-14'),(119,87,'2015-12-12'),(121,88,'2015-12-09'),(120,88,'2015-12-10'),(122,89,'2015-12-19'),(123,90,'2015-12-21'),(124,91,'2015-12-18'),(125,92,'2015-10-01'),(126,93,'2015-12-03'),(127,94,'2015-12-17'),(128,95,'2015-11-13'),(129,96,'2015-12-11'),(130,97,'2015-10-25'),(131,98,'2015-10-23'),(132,98,'2015-10-24'),(133,99,'2015-11-12'),(134,100,'2015-12-01'),(140,100,'2015-12-02'),(141,100,'2015-12-03'),(142,100,'2015-12-04'),(143,100,'2015-12-05'),(135,100,'2015-12-15'),(136,100,'2015-12-16'),(137,100,'2015-12-17'),(138,100,'2015-12-18'),(139,100,'2015-12-19'),(144,101,'2015-11-15'),(145,102,'2015-11-06'),(146,103,'2015-10-25'),(147,104,'2015-12-19'),(148,104,'2015-12-20'),(149,105,'2015-11-19'),(150,105,'2015-11-20'),(151,105,'2015-11-21'),(152,106,'2015-10-03'),(153,107,'2015-11-24'),(154,108,'2015-12-14'),(155,109,'2015-12-18'),(156,110,'2015-11-05'),(157,111,'2015-12-01'),(158,112,'2015-11-06'),(159,112,'2015-11-07'),(160,113,'2015-12-21'),(161,114,'2015-12-22'),(162,115,'2015-12-17'),(163,115,'2015-12-18'),(164,116,'2015-10-09'),(165,117,'2015-11-18'),(166,118,'2015-10-17'),(167,119,'2015-10-01'),(168,120,'2015-11-13'),(169,120,'2015-11-14'),(170,121,'2015-10-02'),(171,122,'2015-10-03'),(172,123,'2015-10-30'),(173,124,'2015-10-25'),(174,125,'2015-10-24'),(175,126,'2015-10-23'),(176,127,'2015-11-18'),(177,128,'2015-11-06'),(178,129,'2015-10-23'),(179,130,'2015-10-20'),(180,131,'2015-12-19'),(181,131,'2015-12-20'),(182,132,'2015-10-21'),(183,133,'2015-10-29'),(184,134,'2015-12-15'),(185,135,'2015-11-16'),(186,136,'2015-11-13'),(187,137,'2015-10-20'),(188,138,'2015-11-11'),(189,139,'2015-11-27'),(190,140,'2015-10-31'),(191,141,'2015-10-10'),(192,142,'2015-10-20'),(193,143,'2015-10-17'),(194,144,'2015-10-09'),(195,145,'2015-12-09'),(196,146,'2015-10-09'),(197,147,'2015-12-01'),(198,148,'2015-11-10'),(199,149,'2015-12-18'),(200,150,'2015-10-10'),(201,151,'2015-11-23'),(202,152,'2015-12-16'),(203,153,'2015-11-04'),(204,154,'2015-10-10'),(205,155,'2015-10-29'),(206,156,'2015-11-12'),(207,157,'2015-11-02'),(208,158,'2015-10-21'),(209,159,'2015-10-11'),(210,160,'2015-10-08'),(211,161,'2015-10-16'),(212,162,'2015-12-10'),(213,163,'2015-10-09'),(214,164,'2015-12-18'),(215,165,'2015-10-30'),(216,166,'2015-12-06'),(217,167,'2015-12-11'),(218,167,'2015-12-12'),(219,168,'2015-12-18'),(220,169,'2015-12-20'),(221,170,'2015-12-16'),(222,171,'2015-12-14'),(223,172,'2015-12-31'),(224,173,'2015-11-19'),(225,173,'2015-11-20'),(226,173,'2015-11-21'),(227,174,'2015-11-16'),(228,174,'2015-11-17'),(229,174,'2015-11-18'),(230,175,'2015-12-31'),(231,176,'2015-12-31'),(232,177,'2015-11-10'),(233,177,'2015-11-11'),(234,178,'2015-12-06'),(235,179,'2015-12-26'),(236,179,'2015-12-27'),(237,180,'2015-12-05'),(238,181,'2015-12-26'),(239,181,'2015-12-27'),(240,182,'2015-12-11'),(241,183,'2015-11-28'),(242,184,'2015-12-02'),(243,185,'2015-12-05'),(244,186,'2015-11-15'),(245,187,'2015-12-06'),(246,188,'2015-12-01'),(247,189,'2015-11-25'),(248,190,'2015-11-23'),(249,191,'2015-11-04'),(250,192,'2015-12-28'),(251,193,'2015-11-25'),(252,194,'2015-11-24'),(253,195,'2015-12-18'),(254,196,'2015-11-19'),(255,197,'2016-01-02'),(256,198,'2015-11-26'),(257,199,'2015-10-17'),(258,200,'2015-10-02'),(259,201,'2015-12-17'),(260,201,'2015-12-18'),(261,201,'2015-12-19'),(265,202,'2015-12-09'),(262,202,'2015-12-10'),(263,202,'2015-12-11'),(264,202,'2015-12-12'),(266,203,'2015-11-21'),(267,204,'2015-11-21'),(268,205,'2015-12-13'),(269,206,'2015-12-19'),(270,207,'2015-11-25'),(271,208,'2015-11-30'),(272,209,'2015-12-03'),(273,209,'2015-12-04'),(274,209,'2015-12-05'),(275,210,'2015-11-24'),(276,211,'2015-12-30'),(277,212,'2015-11-28'),(278,213,'2015-11-16'),(279,214,'2015-10-23'),(280,215,'2015-12-04'),(281,216,'2015-11-15'),(282,217,'2015-12-30'),(283,217,'2015-12-31'),(284,218,'2015-10-08'),(285,219,'2016-01-01'),(286,219,'2016-01-02'),(287,220,'2015-12-16'),(288,221,'2015-12-14'),(289,222,'2015-10-28'),(290,223,'2015-11-19'),(291,224,'2015-12-14'),(292,224,'2015-12-15'),(293,225,'2015-11-28'),(294,226,'2015-12-20'),(295,227,'2015-12-15'),(296,228,'2015-11-28'),(297,229,'2015-12-06'),(298,230,'2015-10-17'),(299,231,'2015-12-03'),(300,231,'2015-12-04'),(301,232,'2015-11-27'),(302,233,'2015-12-11'),(303,234,'2015-12-14'),(304,235,'2015-12-03'),(305,236,'2015-11-15'),(306,237,'2015-11-25'),(307,238,'2015-10-17'),(308,239,'2015-10-03'),(309,240,'2015-12-08'),(310,241,'2015-10-16'),(311,242,'2015-12-10'),(312,243,'2015-11-07'),(313,244,'2015-12-06'),(314,245,'2015-12-27'),(315,246,'2015-10-18'),(316,247,'2015-11-13'),(317,248,'2015-11-13'),(318,249,'2015-11-29'),(319,250,'2015-10-30'),(320,251,'2015-12-06'),(321,252,'2015-12-12'),(322,253,'2015-12-19'),(323,254,'2015-11-27'),(324,255,'2015-11-28'),(325,256,'2015-12-05'),(326,257,'2015-11-13'),(327,258,'2015-12-22'),(328,259,'2015-12-04'),(329,259,'2015-12-05'),(330,260,'2015-11-19'),(331,261,'2015-12-11'),(332,262,'2015-10-13'),(333,263,'2015-11-13'),(334,264,'2015-12-18'),(335,265,'2015-11-23'),(336,266,'2015-11-13'),(337,267,'2015-11-07'),(338,268,'2015-11-11'),(339,269,'2015-10-09'),(340,270,'2015-10-30'),(341,271,'2015-11-21'),(342,272,'2015-10-05'),(343,273,'2015-11-25'),(344,274,'2015-12-04'),(345,274,'2015-12-05'),(346,275,'2015-12-16'),(347,276,'2015-11-06'),(348,277,'2015-11-05'),(349,278,'2015-12-04'),(350,279,'2015-12-16'),(351,280,'2015-12-10'),(352,281,'2015-11-11'),(353,282,'2015-12-06'),(354,283,'2015-10-22'),(355,284,'2015-10-08'),(356,285,'2015-12-08'),(357,286,'2015-11-04'),(358,287,'2015-12-04'),(359,288,'2015-11-07'),(360,289,'2015-12-26'),(361,290,'2015-10-25'),(362,291,'2015-10-17'),(363,292,'2015-10-16'),(364,293,'2015-10-07'),(365,294,'2015-11-06'),(366,295,'2015-11-13'),(367,296,'2015-12-02'),(368,297,'2015-11-05'),(369,298,'2015-11-02'),(370,299,'2015-12-02'),(371,300,'2015-10-09'),(372,301,'2015-11-18'),(373,302,'2015-11-28'),(374,303,'2015-11-22'),(375,304,'2015-11-13'),(376,305,'2015-10-29'),(377,306,'2015-12-26'),(378,307,'2015-12-06'),(379,308,'2015-11-27'),(380,309,'2015-10-24'),(381,310,'2015-11-22'),(382,311,'2015-12-04'),(383,312,'2015-12-05'),(384,313,'2015-12-06'),(385,314,'2015-12-03'),(386,315,'2015-12-01'),(389,315,'2015-12-02'),(390,315,'2015-12-04'),(391,315,'2015-12-06'),(392,315,'2015-12-07'),(393,315,'2015-12-08'),(394,315,'2015-12-09'),(387,315,'2015-12-11'),(388,315,'2015-12-12'),(395,316,'2015-12-03'),(396,316,'2015-12-04'),(397,316,'2015-12-05'),(398,316,'2015-12-06'),(399,317,'2015-12-28'),(400,317,'2015-12-30'),(401,317,'2015-12-31'),(402,318,'2015-11-11'),(403,318,'2015-11-12'),(404,319,'2015-11-13'),(405,319,'2015-11-14'),(406,320,'2015-12-14'),(407,321,'2015-11-24'),(408,322,'2015-11-20'),(409,323,'2015-12-12'),(410,324,'2015-12-12'),(411,325,'2015-11-21'),(412,326,'2015-12-10'),(413,326,'2015-12-11'),(414,327,'2015-12-10'),(415,328,'2015-11-10'),(416,329,'2015-11-07'),(417,330,'2015-11-22'),(418,331,'2015-12-04'),(419,331,'2015-12-05'),(420,332,'2015-11-17'),(421,333,'2015-10-07'),(422,334,'2015-12-12'),(423,334,'2015-12-13'),(424,334,'2015-12-14'),(425,335,'2015-12-08'),(426,336,'2015-12-01'),(427,337,'2015-11-27'),(428,337,'2015-11-28'),(429,338,'2015-11-24'),(430,339,'2015-12-03'),(431,340,'2015-10-10'),(432,341,'2015-11-29'),(433,342,'2015-11-04'),(434,343,'2015-12-06'),(435,344,'2015-12-04'),(436,345,'2015-11-28'),(437,346,'2015-11-01'),(438,347,'2015-11-15'),(439,348,'2015-11-25'),(440,349,'2015-11-27'),(441,350,'2015-11-05'),(442,351,'2015-11-25'),(443,352,'2015-11-06'),(444,353,'2015-11-21'),(445,354,'2015-11-20'),(446,355,'2015-11-21'),(447,356,'2015-12-05'),(448,356,'2015-12-06'),(449,356,'2015-12-07'),(450,357,'2015-11-07'),(451,358,'2015-12-04'),(452,358,'2015-12-05'),(453,359,'2015-11-26'),(454,360,'2015-12-02'),(455,361,'2015-11-18'),(456,362,'2015-11-29'),(457,363,'2015-12-02'),(458,364,'2015-11-27'),(459,365,'2015-11-22'),(460,366,'2015-12-07'),(461,367,'2015-12-04'),(462,368,'2015-11-25'),(463,369,'2015-12-04'),(464,370,'2015-11-10'),(465,371,'2015-12-12'),(466,372,'2015-12-08'),(467,373,'2015-11-14'),(468,374,'2015-12-02'),(469,375,'2015-12-06'),(470,376,'2015-12-06'),(471,377,'2015-12-04'),(472,378,'2015-12-05'),(473,379,'2015-12-04'),(474,380,'2015-12-11'),(475,381,'2015-11-22'),(476,382,'2015-11-19'),(477,383,'2015-11-21'),(478,384,'2015-12-05'),(479,385,'2015-12-03'),(480,386,'2015-11-23'),(481,386,'2015-11-24'),(482,387,'2015-12-03'),(483,388,'2015-11-11'),(484,388,'2015-11-12'),(485,389,'2015-12-03'),(486,390,'2015-11-27'),(487,391,'2015-11-20'),(488,392,'2015-12-06'),(489,393,'2015-11-30'),(490,394,'2015-12-01'),(491,395,'2015-11-13'),(492,396,'2015-12-03'),(493,396,'2015-12-04'),(494,397,'2015-12-31'),(495,398,'2015-11-26'),(496,399,'2015-11-14'),(497,400,'2015-11-15'),(498,401,'2015-11-14'),(499,402,'2015-12-05'),(500,403,'2015-12-05'),(501,404,'2015-11-23'),(502,405,'2015-11-15'),(503,406,'2015-11-27'),(504,407,'2015-11-25'),(505,408,'2015-12-01'),(506,408,'2015-12-02'),(507,409,'2015-11-12'),(508,410,'2015-12-11'),(509,411,'2015-11-29'),(510,412,'2015-12-01'),(511,413,'2015-12-01'),(512,414,'2015-11-14'),(513,415,'2015-11-20'),(514,416,'2015-11-10'),(515,417,'2015-11-28'),(516,418,'2015-12-04'),(517,419,'2015-11-15'),(518,420,'2015-11-15'),(519,421,'2015-11-13'),(520,422,'2015-11-21'),(521,423,'2015-11-29'),(522,424,'2015-11-28'),(523,425,'2015-12-03'),(524,426,'2015-12-04'),(525,426,'2015-12-05'),(526,427,'2015-11-21'),(527,428,'2015-11-28'),(528,429,'2015-11-21'),(529,430,'2015-11-25'),(530,431,'2015-11-27'),(531,432,'2015-12-08'),(532,432,'2015-12-09'),(533,433,'2015-10-14'),(534,433,'2015-10-15'),(535,434,'2015-11-10'),(536,435,'2015-11-28'),(537,436,'2015-11-28'),(538,437,'2015-11-27'),(539,438,'2015-11-30'),(540,439,'2015-11-13'),(541,440,'2015-12-04'),(542,441,'2015-11-20'),(543,442,'2015-11-11'),(544,443,'2015-12-01'),(545,444,'2015-11-30'),(546,445,'2015-12-11'),(547,446,'2015-12-02'),(548,447,'2015-12-21'),(549,448,'2015-11-03'),(550,449,'2015-11-09'),(551,450,'2015-12-03'),(552,451,'2015-12-04'),(553,452,'2015-11-27'),(554,453,'2015-11-21'),(555,454,'2015-11-14'),(556,455,'2015-12-11'),(557,456,'2015-12-01'),(558,457,'2015-11-27'),(559,458,'2015-12-09'),(560,459,'2015-11-20'),(561,460,'2015-12-10'),(562,461,'2015-12-09'),(563,462,'2015-11-08'),(564,463,'2015-11-13'),(565,464,'2015-09-15'),(566,465,'2015-11-16'),(567,465,'2015-11-17'),(568,466,'2015-12-01'),(569,467,'2015-12-07'),(570,468,'2015-11-26'),(571,469,'2015-12-11'),(572,470,'2015-11-29'),(573,471,'2015-11-06'),(574,472,'2015-11-25'),(575,473,'2015-11-01'),(576,474,'2015-11-18'),(577,475,'2015-10-04'),(578,476,'2015-10-08'),(579,477,'2015-11-25'),(580,478,'2015-12-12'),(581,479,'2015-10-11'),(582,480,'2015-10-17'),(583,481,'2015-11-27'),(584,482,'2015-11-24'),(585,483,'2015-12-05'),(586,484,'2015-11-14'),(587,485,'2015-11-11'),(588,486,'2015-10-03'),(589,487,'2015-10-16'),(590,488,'2015-11-17'),(591,489,'2015-10-01'),(592,490,'2015-12-03'),(593,491,'2015-12-03'),(594,492,'2015-09-06'),(595,493,'2015-10-29'),(596,494,'2015-09-13'),(597,495,'2015-11-15'),(598,496,'2015-09-10'),(599,497,'2015-12-06'),(600,498,'2015-11-27'),(601,499,'2015-11-19'),(602,500,'2015-09-04'),(603,501,'2015-10-09'),(604,502,'2015-11-04'),(605,503,'2015-09-12'),(606,504,'2015-09-29'),(607,505,'2015-10-05'),(608,506,'2015-10-21'),(609,507,'2015-10-24'),(610,508,'2015-11-22'),(611,509,'2015-09-14'),(612,510,'2015-11-20'),(613,511,'2015-10-10'),(614,512,'2015-11-28'),(615,513,'2015-12-02'),(616,514,'2015-12-07'),(617,515,'2015-09-26'),(618,516,'2015-11-20'),(619,517,'2015-10-25'),(620,518,'2015-11-05'),(621,519,'2015-11-10'),(622,520,'2015-12-13'),(623,521,'2015-11-13'),(624,522,'2015-09-08'),(625,523,'2015-11-06'),(626,524,'2015-10-20'),(627,525,'2015-11-21'),(628,526,'2015-12-05'),(629,527,'2015-12-09'),(630,528,'2015-11-16'),(631,529,'2015-12-11'),(632,530,'2015-11-28'),(633,531,'2015-11-02'),(634,532,'2015-12-04'),(635,533,'2015-12-12'),(636,534,'2015-11-15'),(637,535,'2015-12-03'),(638,536,'2015-12-13'),(639,537,'2015-12-09'),(640,538,'2015-11-19'),(641,539,'2015-11-20'),(642,540,'2015-11-21'),(643,541,'2015-12-10'),(644,542,'2015-11-13');
/*!40000 ALTER TABLE `boxoffice_app_date` ENABLE KEYS */;
UNLOCK TABLES;

--
-- Table structure for table `boxoffice_app_errorlog`
--

DROP TABLE IF EXISTS `boxoffice_app_errorlog`;
/*!40101 SET @saved_cs_client     = @@character_set_client */;
/*!40101 SET character_set_client = utf8 */;
CREATE TABLE `boxoffice_app_errorlog` (
  `id` int(11) NOT NULL AUTO_INCREMENT,
  `table_name` varchar(256) NOT NULL,
  `artist_event` varchar(512) NOT NULL,
  `city` varchar(256) NOT NULL,
  `venue` varchar(256) NOT NULL,
  `attend_capacity` varchar(256) NOT NULL,
  `gross_sales` varchar(256) NOT NULL,
  `show_sellout` varchar(256) NOT NULL,
  `rank` varchar(256) NOT NULL,
  `dates` varchar(512) NOT NULL,
  `prices` varchar(256) NOT NULL,
  `promoters` varchar(512) NOT NULL,
  `create_date` varchar(128) NOT NULL,
  PRIMARY KEY (`id`)
) ENGINE=InnoDB DEFAULT CHARSET=latin1;
/*!40101 SET character_set_client = @saved_cs_client */;

--
-- Dumping data for table `boxoffice_app_errorlog`
--

LOCK TABLES `boxoffice_app_errorlog` WRITE;
/*!40000 ALTER TABLE `boxoffice_app_errorlog` DISABLE KEYS */;
/*!40000 ALTER TABLE `boxoffice_app_errorlog` ENABLE KEYS */;
UNLOCK TABLES;

--
-- Table structure for table `boxoffice_app_event`
--

DROP TABLE IF EXISTS `boxoffice_app_event`;
/*!40101 SET @saved_cs_client     = @@character_set_client */;
/*!40101 SET character_set_client = utf8 */;
CREATE TABLE `boxoffice_app_event` (
  `id` int(11) NOT NULL AUTO_INCREMENT,
  `artist_event_id` int(11) NOT NULL,
  `city_id` int(11) NOT NULL,
  `venue_id` int(11) NOT NULL,
  `sale` double NOT NULL,
  `attend` int(11) NOT NULL,
  `capacity` int(11) NOT NULL,
  `show` int(11) NOT NULL,
  `sellout` int(11) NOT NULL,
  `rank` int(11) NOT NULL,
  `dates` varchar(512) NOT NULL,
  `create_date` varchar(128) NOT NULL,
  PRIMARY KEY (`id`),
  KEY `D58648dd3b66ed949c2bc814590057b9` (`artist_event_id`),
  KEY `boxoffice_app_e_city_id_6cba270acd30fb6_fk_boxoffice_app_city_id` (`city_id`),
  KEY `boxoffice_ap_venue_id_55111d6e0a659027_fk_boxoffice_app_venue_id` (`venue_id`),
  CONSTRAINT `boxoffice_app_e_city_id_6cba270acd30fb6_fk_boxoffice_app_city_id` FOREIGN KEY (`city_id`) REFERENCES `boxoffice_app_city` (`id`),
  CONSTRAINT `boxoffice_ap_venue_id_55111d6e0a659027_fk_boxoffice_app_venue_id` FOREIGN KEY (`venue_id`) REFERENCES `boxoffice_app_venue` (`id`),
  CONSTRAINT `D58648dd3b66ed949c2bc814590057b9` FOREIGN KEY (`artist_event_id`) REFERENCES `boxoffice_app_artistevent` (`id`)
) ENGINE=InnoDB AUTO_INCREMENT=543 DEFAULT CHARSET=latin1;
/*!40101 SET character_set_client = @saved_cs_client */;

--
-- Dumping data for table `boxoffice_app_event`
--

LOCK TABLES `boxoffice_app_event` WRITE;
/*!40000 ALTER TABLE `boxoffice_app_event` DISABLE KEYS */;
INSERT INTO `boxoffice_app_event` VALUES (1,1,1,1,10421553,98136,0,3,3,1,'Dec. 10-12, 2015','2015-12-17 08:08:01'),(2,1,2,2,6571683,75980,0,1,1,2,'Nov. 28, 2015','2015-12-17 08:08:01'),(3,2,3,3,5917348,37758,0,3,3,3,'Nov. 10-12, 2015','2015-12-17 08:08:01'),(4,1,4,4,4759471,46881,0,1,1,4,'Dec. 5, 2015','2015-12-17 08:08:01'),(5,1,5,5,2407499,20090,0,2,2,6,'Dec. 7-8, 2015','2015-12-17 08:08:01'),(6,3,6,6,1703997,17345,0,1,1,7,'Dec. 5, 2015','2015-12-17 08:08:01'),(7,4,7,7,1458560,12490,0,1,1,8,'Nov. 27, 2015','2015-12-17 08:08:01'),(8,5,2,8,1276560,22660,0,2,2,9,'Dec. 4-5, 2015','2015-12-17 08:08:01'),(9,4,8,9,977759,9196,0,1,1,10,'Dec. 6, 2015','2015-12-17 08:08:01'),(10,4,9,10,899455,7914,0,1,0,11,'Dec. 3, 2015','2015-12-17 08:08:01'),(11,4,10,11,722671,7014,0,1,0,12,'Nov. 25, 2015','2015-12-17 08:08:01'),(12,4,11,12,643045,5924,0,1,0,13,'Nov. 29, 2015','2015-12-17 08:08:01'),(13,6,12,13,478417,8619,0,1,0,14,'Dec. 10, 2015','2015-12-17 08:08:01'),(14,7,13,14,469100,10107,0,1,0,15,'Dec. 12, 2015','2015-12-17 08:08:01'),(15,6,14,15,462414,7033,0,1,0,16,'Dec. 9, 2015','2015-12-17 08:08:01'),(16,8,2,16,394743,5400,0,1,1,17,'Dec. 12, 2015','2015-12-17 08:08:01'),(17,9,13,14,349550,5410,0,1,0,18,'Dec. 8, 2015','2015-12-17 08:08:01'),(18,10,15,17,343857,4988,0,1,0,19,'Oct. 17, 2015','2015-12-17 08:08:01'),(19,11,2,8,328505,6121,0,1,0,20,'Dec. 12, 2015','2015-12-17 08:08:01'),(20,12,2,16,293473,5433,0,1,1,21,'Dec. 5, 2015','2015-12-17 08:08:01'),(21,13,16,18,213679,2685,0,1,0,22,'Dec. 8, 2015','2015-12-17 08:08:01'),(22,14,2,16,199385,5451,0,1,1,23,'Nov. 27, 2015','2015-12-17 08:08:01'),(23,15,17,19,182420,5212,0,1,0,24,'Dec. 6, 2015','2015-12-17 08:08:01'),(24,16,18,20,182411,3016,0,1,1,25,'Dec. 4, 2015','2015-12-17 08:08:01'),(25,17,19,21,168662,5027,0,1,0,26,'Dec. 4, 2015','2015-12-17 08:08:01'),(26,18,17,19,166080,5536,0,1,0,27,'Dec. 4, 2015','2015-12-17 08:08:01'),(27,19,13,14,166060,8303,0,1,0,28,'Dec. 4, 2015','2015-12-17 08:08:01'),(28,20,18,20,154316,2135,0,1,0,29,'Dec. 5, 2015','2015-12-17 08:08:01'),(29,21,20,22,80194,1259,0,1,0,30,'Dec. 1, 2015','2015-12-17 08:08:01'),(30,22,21,23,59750,1577,0,3,0,31,'Dec. 4-5, 2015','2015-12-17 08:08:01'),(31,23,22,24,47397,1554,0,1,0,32,'Dec. 2, 2015','2015-12-17 08:08:01'),(32,24,21,23,32035,867,0,1,1,33,'Dec. 2, 2015','2015-12-17 08:08:01'),(33,25,23,25,18889,466,0,1,0,34,'Dec. 3, 2015','2015-12-17 08:08:01'),(34,26,23,26,6655,283,0,1,0,35,'Dec. 2, 2015','2015-12-17 08:08:01'),(35,27,24,27,7760999,69864,0,4,4,1,'Nov. 10-11, Dec. 6-7, 2015','2015-12-23 08:00:03'),(36,27,25,28,5108722,46784,0,4,4,2,'Nov. 23-24, 27-28, 2015','2015-12-23 08:00:03'),(37,28,26,29,4861403,28670,0,2,2,3,'Dec. 1-2, 2015','2015-12-23 08:00:03'),(38,28,24,27,3868967,30817,0,2,2,4,'Dec. 9-10, 2015','2015-12-23 08:00:03'),(39,29,27,30,3694172,34752,0,3,3,5,'Nov. 19, 21-22, 2015','2015-12-23 08:00:03'),(40,28,28,31,3559122,30023,0,2,2,6,'Dec. 5-6, 2015','2015-12-23 08:00:03'),(41,27,29,32,3167828,25222,0,2,2,7,'Nov. 6-7, 2015','2015-12-23 08:00:03'),(42,27,30,33,2576203,18922,0,2,2,8,'Nov. 18-19, 2015','2015-12-23 08:00:03'),(43,28,31,34,2312846,28104,0,2,2,9,'Nov. 24-25, 2015','2015-12-23 08:00:03'),(44,28,32,35,2135032,19315,0,1,1,10,'Nov. 28, 2015','2015-12-23 08:00:03'),(45,30,2,8,1848640,27005,0,3,0,11,'Dec. 15, 17-18, 2015','2015-12-23 08:00:03'),(46,31,2,8,1414330,10237,0,1,1,12,'Dec. 19, 2015','2015-12-23 08:00:03'),(47,28,33,36,1213890,10883,0,1,1,13,'Nov. 29, 2015','2015-12-23 08:00:03'),(48,29,34,37,1000551,12263,0,1,1,14,'Nov. 16, 2015','2015-12-23 08:00:03'),(49,32,2,8,470803,6089,0,1,0,15,'Dec. 16, 2015','2015-12-23 08:00:03'),(50,6,35,38,465686,8725,0,1,0,16,'Dec. 17, 2015','2015-12-23 08:00:03'),(51,33,1,39,386615,4900,0,2,1,17,'Dec. 3-4, 2015','2015-12-23 08:00:03'),(52,34,36,40,227985,2205,0,1,0,18,'Nov. 15, 2015','2015-12-23 08:00:03'),(53,35,37,41,183918,3917,0,4,4,19,'Dec. 7-10, 2015','2015-12-23 08:00:03'),(54,36,37,42,157559,3226,0,1,1,20,'Dec. 5, 2015','2015-12-23 08:00:03'),(55,37,37,43,88163,2351,0,2,0,21,'Dec. 2-3, 2015','2015-12-23 08:00:03'),(56,38,23,26,83846,2609,0,2,0,22,'Dec. 5-6, 2015','2015-12-23 08:00:03'),(57,39,38,44,75483,1870,0,1,0,23,'Dec. 15, 2015','2015-12-23 08:00:03'),(58,40,37,45,72790,2510,0,1,1,24,'Dec. 8, 2015','2015-12-23 08:00:03'),(59,41,13,46,66924,1859,0,1,1,25,'Nov. 20, 2015','2015-12-23 08:00:03'),(60,42,39,47,53623,1438,0,1,0,26,'Dec. 16, 2015','2015-12-23 08:00:03'),(61,43,40,48,39589,1379,0,1,0,27,'Oct. 24, 2015','2015-12-23 08:00:03'),(62,44,41,49,28694,570,0,1,0,28,'Nov. 12, 2015','2015-12-23 08:00:03'),(63,45,41,49,26600,799,0,1,0,29,'Nov. 7, 2015','2015-12-23 08:00:03'),(64,46,42,50,21152,524,0,1,0,30,'Nov. 28, 2015','2015-12-23 08:00:03'),(65,24,37,51,20675,650,0,1,1,31,'Dec. 11, 2015','2015-12-23 08:00:03'),(66,47,37,51,20310,677,0,1,1,32,'Dec. 12, 2015','2015-12-23 08:00:03'),(67,48,37,51,17518,505,0,1,0,33,'Dec. 16, 2015','2015-12-23 08:00:03'),(68,49,23,26,7392,516,0,1,0,34,'Dec. 5, 2015','2015-12-23 08:00:03'),(69,50,23,26,4638,476,0,1,0,35,'Nov. 21, 2015','2015-12-23 08:00:03'),(70,51,41,49,4555,380,0,1,0,36,'Nov. 11, 2015','2015-12-23 08:00:03'),(71,52,41,52,4260,108,0,1,0,37,'Nov. 10, 2015','2015-12-23 08:00:03'),(72,53,41,52,1740,59,0,1,0,38,'Nov. 14, 2015','2015-12-23 08:00:03'),(73,54,43,53,1531,105,0,1,0,39,'Dec. 15, 2015','2015-12-23 08:00:03'),(74,55,41,52,1512,68,0,1,0,40,'Nov. 21, 2015','2015-12-23 08:00:03'),(75,56,41,52,636,64,0,1,0,41,'Nov. 7, 2015','2015-12-23 08:00:03'),(76,57,41,52,310,18,0,1,0,42,'Nov. 13, 2015','2015-12-23 08:00:03'),(77,58,41,52,240,24,0,1,0,43,'Nov. 6, 2015','2015-12-23 08:00:03'),(78,59,44,54,6046115,37571,0,2,0,1,'Nov. 6-7, 2015','2015-12-30 08:00:02'),(79,60,45,55,2755354,15552,0,1,1,2,'Oct. 22, 2015','2015-12-30 08:00:02'),(80,60,46,56,2040691,12525,0,1,1,3,'Oct. 15, 2015','2015-12-30 08:00:02'),(81,61,26,33,1447570,12119,0,2,0,4,'Dec. 22-23, 2015','2015-12-30 08:00:02'),(82,61,25,28,1428680,16930,0,2,2,5,'Dec. 4-5, 2015','2015-12-30 08:00:02'),(83,62,47,57,1099963,15184,0,1,1,6,'Nov. 7, 2015','2015-12-30 08:00:02'),(84,61,48,58,1081660,10311,0,1,0,7,'Dec. 16, 2015','2015-12-30 08:00:02'),(85,61,29,32,1014670,8779,0,1,0,8,'Dec. 12, 2015','2015-12-30 08:00:02'),(86,61,49,59,960432,12273,0,1,0,9,'Nov. 14, 2015','2015-12-30 08:00:02'),(87,6,44,60,898597,15026,0,2,0,10,'Dec. 12, 2015','2015-12-30 08:00:02'),(88,61,50,61,844140,6865,0,2,0,11,'Dec. 9-10, 2015','2015-12-30 08:00:02'),(89,61,51,62,715079,6300,0,1,0,12,'Dec. 19, 2015','2015-12-30 08:00:02'),(90,61,52,63,712329,6282,0,1,0,13,'Dec. 21, 2015','2015-12-30 08:00:02'),(91,61,53,64,684713,5799,0,1,0,14,'Dec. 18, 2015','2015-12-30 08:00:02'),(92,63,54,65,598633,12083,0,1,1,15,'Oct. 1, 2015','2015-12-30 08:00:02'),(93,61,30,33,570278,5720,0,1,0,16,'Dec. 3, 2015','2015-12-30 08:00:02'),(94,61,55,66,545504,4866,0,1,0,17,'Dec. 17, 2015','2015-12-30 08:00:02'),(95,61,56,67,538886,6727,0,1,0,18,'Nov. 13, 2015','2015-12-30 08:00:02'),(96,61,57,68,517834,4410,0,1,0,19,'Dec. 11, 2015','2015-12-30 08:00:02'),(97,64,44,60,462831,5768,0,1,1,20,'Oct. 25, 2015','2015-12-30 08:00:02'),(98,65,54,69,341996,6909,0,2,0,21,'Oct. 23-24, 2015','2015-12-30 08:00:02'),(99,61,24,70,333339,4942,0,1,0,22,'Nov. 12, 2015','2015-12-30 08:00:02'),(100,66,18,71,322523,3593,0,10,0,23,'Dec. 1-5, 15-19, 2015','2015-12-30 08:00:02'),(101,67,44,60,310919,2827,0,1,0,24,'Nov. 15, 2015','2015-12-30 08:00:02'),(102,68,40,72,226172,3266,0,1,1,25,'Nov. 6, 2015','2015-12-30 08:00:02'),(103,69,58,73,221428,2327,0,1,1,26,'Oct. 25, 2015','2015-12-30 08:00:02'),(104,70,59,74,213157,2615,0,2,0,27,'Dec. 19-20, 2015','2015-12-30 08:00:02'),(105,71,54,75,206880,4888,0,3,0,28,'Nov. 19-21, 2015','2015-12-30 08:00:02'),(106,72,54,76,204770,3880,0,1,0,29,'Oct. 3, 2015','2015-12-30 08:00:02'),(107,73,54,69,193012,4807,0,1,0,30,'Nov. 24, 2015','2015-12-30 08:00:02'),(108,74,60,77,183631,4143,0,1,0,31,'Dec. 14, 2015','2015-12-30 08:00:02'),(109,75,59,74,156229,1657,0,1,0,32,'Dec. 18, 2015','2015-12-30 08:00:02'),(110,76,54,78,143158,2644,0,1,0,33,'Nov. 5, 2015','2015-12-30 08:00:02'),(111,77,54,78,139235,2681,0,1,0,34,'Dec. 1, 2015','2015-12-30 08:00:02'),(112,78,54,75,125200,4300,0,2,2,35,'Nov. 6-7, 2015','2015-12-30 08:00:02'),(113,79,60,77,123306,2767,0,1,0,36,'Dec. 21, 2015','2015-12-30 08:00:02'),(114,18,61,79,107608,2532,0,1,0,37,'Dec. 22, 2015','2015-12-30 08:00:02'),(115,80,54,75,101715,1698,0,2,0,38,'Dec. 17-18, 2015','2015-12-30 08:00:02'),(116,81,62,80,93074,3268,0,1,0,39,'Oct. 9, 2015','2015-12-30 08:00:02'),(117,23,37,45,87915,2502,0,1,1,40,'Nov. 18, 2015','2015-12-30 08:00:02'),(118,82,54,81,86322,1460,0,1,1,41,'Oct. 17, 2015','2015-12-30 08:00:02'),(119,83,54,75,73342,2150,0,1,1,42,'Oct. 1, 2015','2015-12-30 08:00:02'),(120,84,54,75,70948,2959,0,2,0,43,'Nov. 13-14, 2015','2015-12-30 08:00:02'),(121,85,63,82,65778,2458,0,1,1,44,'Oct. 2, 2015','2015-12-30 08:00:02'),(122,86,54,75,65595,2150,0,1,1,45,'Oct. 3, 2015','2015-12-30 08:00:02'),(123,87,54,75,61772,1937,0,1,0,46,'Oct. 30, 2015','2015-12-30 08:00:02'),(124,88,64,83,60915,1006,0,1,0,47,'Oct. 25, 2015','2015-12-30 08:00:02'),(125,89,54,84,58140,1540,0,1,1,48,'Oct. 24, 2015','2015-12-30 08:00:02'),(126,90,54,75,57708,2150,0,1,1,49,'Oct. 23, 2015','2015-12-30 08:00:02'),(127,73,65,85,52151,1760,0,1,0,50,'Nov. 18, 2015','2015-12-30 08:00:02'),(128,23,66,86,46665,1515,0,1,0,51,'Nov. 6, 2015','2015-12-30 08:00:02'),(129,89,67,87,45355,1537,0,1,0,52,'Oct. 23, 2015','2015-12-30 08:00:02'),(130,91,66,86,43963,965,0,1,0,53,'Oct. 20, 2015','2015-12-30 08:00:02'),(131,92,61,79,41684,2729,0,2,0,54,'Dec. 19-20, 2015','2015-12-30 08:00:02'),(132,93,54,75,39865,1240,0,1,0,55,'Oct. 21, 2015','2015-12-30 08:00:02'),(133,94,54,75,39442,1475,0,1,0,56,'Oct. 29, 2015','2015-12-30 08:00:02'),(134,95,54,75,38007,1368,0,1,0,57,'Dec. 15, 2015','2015-12-30 08:00:02'),(135,96,54,75,37943,1073,0,1,0,58,'Nov. 16, 2015','2015-12-30 08:00:02'),(136,97,68,88,37020,1404,0,1,1,59,'Nov. 13, 2015','2015-12-30 08:00:02'),(137,98,54,75,33923,1458,0,1,0,60,'Oct. 20, 2015','2015-12-30 08:00:02'),(138,99,54,75,33774,1272,0,1,0,61,'Nov. 11, 2015','2015-12-30 08:00:02'),(139,100,54,75,33146,1276,0,1,0,62,'Nov. 27, 2015','2015-12-30 08:00:02'),(140,101,54,75,31098,1119,0,1,0,63,'Oct. 31, 2015','2015-12-30 08:00:02'),(141,102,54,75,29275,878,0,1,0,64,'Oct. 10, 2015','2015-12-30 08:00:02'),(142,103,16,89,28861,453,0,1,0,65,'Oct. 20, 2015','2015-12-30 08:00:02'),(143,104,54,75,28436,1245,0,1,0,66,'Oct. 17, 2015','2015-12-30 08:00:02'),(144,105,54,75,27110,1412,0,1,0,67,'Oct. 9, 2015','2015-12-30 08:00:02'),(145,106,45,90,26400,984,0,1,1,68,'Dec. 9, 2015','2015-12-30 08:00:02'),(146,107,69,91,24100,893,0,1,1,69,'Oct. 9, 2015','2015-12-30 08:00:02'),(147,108,54,75,18918,828,0,1,0,70,'Dec. 1, 2015','2015-12-30 08:00:02'),(148,109,54,75,18274,1004,0,1,0,71,'Nov. 10, 2015','2015-12-30 08:00:02'),(149,110,70,92,18132,998,0,1,0,72,'Dec. 18, 2015','2015-12-30 08:00:02'),(150,111,6,93,17893,767,0,1,0,73,'Oct. 10, 2015','2015-12-30 08:00:02'),(151,112,6,93,17498,758,0,1,0,74,'Nov. 23, 2015','2015-12-30 08:00:02'),(152,113,6,93,17483,770,0,1,0,75,'Dec. 16, 2015','2015-12-30 08:00:02'),(153,114,6,93,14395,627,0,1,0,76,'Nov. 4, 2015','2015-12-30 08:00:02'),(154,115,68,88,13200,528,0,1,1,77,'Oct. 10, 2015','2015-12-30 08:00:02'),(155,116,71,94,13090,571,0,1,0,78,'Oct. 29, 2015','2015-12-30 08:00:02'),(156,117,62,95,11950,555,0,1,0,79,'Nov. 12, 2015','2015-12-30 08:00:02'),(157,118,62,95,9019,250,0,1,0,80,'Nov. 2, 2015','2015-12-30 08:00:02'),(158,119,6,93,8758,533,0,1,0,81,'Oct. 21, 2015','2015-12-30 08:00:02'),(159,120,45,90,8031,547,0,1,0,82,'Oct. 11, 2015','2015-12-30 08:00:02'),(160,115,69,91,7285,288,0,1,0,83,'Oct. 8, 2015','2015-12-30 08:00:02'),(161,121,6,93,6141,432,0,1,0,84,'Oct. 16, 2015','2015-12-30 08:00:02'),(162,122,6,93,5743,477,0,1,0,85,'Dec. 10, 2015','2015-12-30 08:00:02'),(163,123,6,93,4416,287,0,1,0,86,'Oct. 9, 2015','2015-12-30 08:00:02'),(164,124,62,95,3833,161,0,1,0,87,'Dec. 18, 2015','2015-12-30 08:00:02'),(165,125,68,88,3620,235,0,1,1,88,'Oct. 30, 2015','2015-12-30 08:00:02'),(166,126,64,96,354,21,0,1,0,89,'Dec. 6, 2015','2015-12-30 08:00:02'),(167,127,72,97,8090240,84526,0,2,0,1,'Dec. 11-12, 2015','2016-01-06 08:00:03'),(168,127,73,98,7379110,65136,0,1,1,2,'Dec. 18, 2015','2016-01-06 08:00:03'),(169,127,74,99,4923220,46509,0,1,1,3,'Dec. 20, 2015','2016-01-06 08:00:03'),(170,127,75,100,2912220,37674,0,1,0,4,'Dec. 16, 2015','2016-01-06 08:00:03'),(171,127,76,101,2422680,23300,0,1,1,5,'Dec. 14, 2015','2016-01-06 08:00:03'),(172,3,77,102,2271196,18047,0,1,1,6,'Dec. 31, 2015','2016-01-06 08:00:03'),(173,128,29,32,1609360,29724,0,3,0,7,'Nov. 19-21, 2015','2016-01-06 08:00:03'),(174,129,29,32,1585990,34718,0,3,0,8,'Nov. 16-18, 2015','2016-01-06 08:00:03'),(175,130,78,103,1121011,17551,0,1,1,9,'Dec. 31, 2015','2016-01-06 08:00:03'),(176,131,15,17,1103429,10334,0,1,0,10,'Dec. 31, 2015','2016-01-06 08:00:03'),(177,129,29,32,1043330,23061,0,2,0,11,'Nov. 10-11, 2015','2016-01-06 08:00:03'),(178,6,79,104,1039888,16757,0,2,0,12,'Dec. 6, 2015','2016-01-06 08:00:03'),(179,132,18,105,816822,6746,0,2,0,13,'Dec. 26-27, 2015','2016-01-06 08:00:03'),(180,133,29,32,767274,10336,0,1,0,14,'Dec. 5, 2015','2016-01-06 08:00:03'),(181,134,40,72,733806,10700,0,2,0,15,'Dec. 26-27, 2015','2016-01-06 08:00:03'),(182,135,79,104,650445,10165,0,1,1,16,'Dec. 11, 2015','2016-01-06 08:00:03'),(183,136,29,32,647633,9877,0,1,0,17,'Nov. 28, 2015','2016-01-06 08:00:03'),(184,137,9,10,643334,9924,0,1,0,18,'Dec. 2, 2015','2016-01-06 08:00:03'),(185,6,80,106,578509,12888,0,2,0,19,'Dec. 5, 2015','2016-01-06 08:00:03'),(186,138,29,32,572950,12542,0,1,0,20,'Nov. 15, 2015','2016-01-06 08:00:03'),(187,139,29,32,564353,6481,0,1,0,21,'Dec. 6, 2015','2016-01-06 08:00:03'),(188,137,22,107,551820,7482,0,1,0,22,'Dec. 1, 2015','2016-01-06 08:00:03'),(189,6,81,108,467702,8798,0,2,0,23,'Nov. 25, 2015','2016-01-06 08:00:03'),(190,140,29,32,402829,6864,0,1,0,24,'Nov. 23, 2015','2016-01-06 08:00:03'),(191,141,29,32,365575,5930,0,1,0,25,'Nov. 4, 2015','2016-01-06 08:00:03'),(192,142,82,109,357832,7820,0,1,0,26,'Dec. 28, 2015','2016-01-06 08:00:03'),(193,143,29,32,338004,6392,0,1,0,27,'Nov. 25, 2015','2016-01-06 08:00:03'),(194,144,29,32,316172,5490,0,1,0,28,'Nov. 24, 2015','2016-01-06 08:00:03'),(195,145,40,72,260000,3700,0,1,0,29,'Dec. 18, 2015','2016-01-06 08:00:03'),(196,146,79,104,229432,5747,0,1,0,30,'Nov. 19, 2015','2016-01-06 08:00:03'),(197,147,18,20,228879,3395,0,1,1,31,'Jan. 2, 2016','2016-01-06 08:00:03'),(198,148,29,32,219891,5497,0,1,0,32,'Nov. 26, 2015','2016-01-06 08:00:03'),(199,69,83,110,202349,2759,0,1,1,33,'Oct. 17, 2015','2016-01-06 08:00:03'),(200,149,83,111,164375,2500,0,1,1,34,'Oct. 2, 2015','2016-01-06 08:00:03'),(201,150,84,112,162000,3600,0,3,3,35,'Dec. 17-19, 2015','2016-01-06 08:00:03'),(202,151,40,113,147000,4900,0,4,4,36,'Dec. 9-12, 2015','2016-01-06 08:00:03'),(203,73,83,114,143844,4379,0,1,0,37,'Nov. 21, 2015','2016-01-06 08:00:03'),(204,152,81,108,140722,3915,0,1,0,38,'Nov. 21, 2015','2016-01-06 08:00:03'),(205,153,40,72,137383,2697,0,1,0,39,'Dec. 13, 2015','2016-01-06 08:00:03'),(206,154,40,72,135720,2000,0,1,0,40,'Dec. 19, 2015','2016-01-06 08:00:03'),(207,155,40,72,134940,3307,0,1,0,41,'Nov. 25, 2015','2016-01-06 08:00:03'),(208,156,79,115,134377,2277,0,1,0,42,'Nov. 30, 2015','2016-01-06 08:00:03'),(209,157,40,113,129600,3600,0,3,3,43,'Dec. 3-5, 2015','2016-01-06 08:00:03'),(210,156,85,116,127529,2475,0,1,0,44,'Nov. 24, 2015','2016-01-06 08:00:03'),(211,158,18,20,126307,1544,0,1,0,45,'Dec. 30, 2015','2016-01-06 08:00:03'),(212,159,29,117,126292,2122,0,1,0,46,'Nov. 28, 2015','2016-01-06 08:00:03'),(213,160,79,115,120855,1731,0,1,0,47,'Nov. 16, 2015','2016-01-06 08:00:03'),(214,161,40,118,117057,2010,0,2,0,48,'Oct. 23, 2015','2016-01-06 08:00:03'),(215,162,59,74,110488,1588,0,1,0,49,'Dec. 4, 2015','2016-01-06 08:00:03'),(216,163,79,104,103549,1825,0,1,0,50,'Nov. 15, 2015','2016-01-06 08:00:03'),(217,164,84,112,102000,2400,0,2,2,51,'Dec. 30-31, 2015','2016-01-06 08:00:03'),(218,165,83,119,101122,3922,0,1,0,52,'Oct. 8, 2015','2016-01-06 08:00:03'),(219,166,84,112,84000,2400,0,2,2,53,'Jan. 1-2, 2016','2016-01-06 08:00:03'),(220,167,40,118,81000,2340,0,1,1,54,'Dec. 16, 2015','2016-01-06 08:00:03'),(221,168,86,120,78725,1041,0,1,0,55,'Dec. 14, 2015','2016-01-06 08:00:03'),(222,169,87,121,71340,2000,0,1,1,56,'Oct. 28, 2015','2016-01-06 08:00:03'),(223,170,88,122,70867,1209,0,1,0,57,'Nov. 19, 2015','2016-01-06 08:00:03'),(224,37,84,112,70760,1769,0,2,0,58,'Dec. 14-15, 2015','2016-01-06 08:00:03'),(225,171,87,121,70750,2000,0,1,1,59,'Nov. 28, 2015','2016-01-06 08:00:03'),(226,37,89,123,69580,1988,0,1,1,60,'Dec. 20, 2015','2016-01-06 08:00:03'),(227,172,18,20,66616,1732,0,1,0,61,'Dec. 15, 2015','2016-01-06 08:00:03'),(228,173,60,124,65931,1666,0,1,0,62,'Nov. 28, 2015','2016-01-06 08:00:03'),(229,174,59,74,60408,975,0,1,0,63,'Dec. 6, 2015','2016-01-06 08:00:03'),(230,175,87,121,60000,2000,0,1,1,64,'Oct. 17, 2015','2016-01-06 08:00:03'),(231,100,84,112,57420,1980,0,2,0,65,'Dec. 3-4, 2015','2016-01-06 08:00:03'),(232,176,18,20,57192,1347,0,1,0,66,'Nov. 27, 2015','2016-01-06 08:00:03'),(233,177,40,118,56634,1350,0,1,0,67,'Dec. 11, 2015','2016-01-06 08:00:03'),(234,178,40,113,47400,1200,0,1,1,68,'Dec. 14, 2015','2016-01-06 08:00:03'),(235,179,61,79,47002,905,0,1,0,69,'Dec. 3, 2015','2016-01-06 08:00:03'),(236,180,78,125,44490,1300,0,1,1,70,'Nov. 15, 2015','2016-01-06 08:00:03'),(237,176,40,118,44310,1094,0,1,0,71,'Nov. 25, 2015','2016-01-06 08:00:03'),(238,181,40,118,43688,1339,0,1,0,72,'Oct. 17, 2015','2016-01-06 08:00:03'),(239,89,83,126,41930,1198,0,1,0,73,'Oct. 3, 2015','2016-01-06 08:00:03'),(240,124,83,126,40404,513,0,1,0,74,'Dec. 8, 2015','2016-01-06 08:00:03'),(241,182,87,121,38120,1512,0,1,0,75,'Oct. 16, 2015','2016-01-06 08:00:03'),(242,183,40,118,37998,1350,0,1,0,76,'Dec. 10, 2015','2016-01-06 08:00:03'),(243,184,81,127,37455,845,0,1,0,77,'Nov. 7, 2015','2016-01-06 08:00:03'),(244,185,14,128,36750,1500,0,1,1,78,'Dec. 6, 2015','2016-01-06 08:00:03'),(245,186,84,112,36000,1200,0,1,1,79,'Dec. 27, 2015','2016-01-06 08:00:03'),(246,173,90,129,34694,600,0,1,0,80,'Oct. 18, 2015','2016-01-06 08:00:03'),(247,23,90,130,34545,935,0,1,0,81,'Nov. 13, 2015','2016-01-06 08:00:03'),(248,187,78,125,34453,1300,0,1,1,82,'Nov. 13, 2015','2016-01-06 08:00:03'),(249,173,91,131,33959,610,0,1,0,83,'Nov. 29, 2015','2016-01-06 08:00:03'),(250,188,87,121,33692,1191,0,1,0,84,'Oct. 30, 2015','2016-01-06 08:00:03'),(251,189,90,130,33278,1096,0,1,0,85,'Dec. 6, 2015','2016-01-06 08:00:03'),(252,95,83,126,30398,1164,0,1,0,86,'Dec. 12, 2015','2016-01-06 08:00:03'),(253,190,92,49,30130,818,0,1,0,87,'Dec. 19, 2015','2016-01-06 08:00:03'),(254,191,84,112,30000,1200,0,1,1,88,'Nov. 27, 2015','2016-01-06 08:00:03'),(255,192,84,112,30000,1200,0,1,1,89,'Nov. 28, 2015','2016-01-06 08:00:03'),(256,193,84,112,30000,1200,0,1,1,90,'Dec. 5, 2015','2016-01-06 08:00:03'),(257,194,40,118,29829,1261,0,1,0,91,'Nov. 13, 2015','2016-01-06 08:00:03'),(258,195,62,49,29582,597,0,1,0,92,'Dec. 22, 2015','2016-01-06 08:00:03'),(259,196,40,132,29286,1602,0,2,2,93,'Dec. 4-5, 2015','2016-01-06 08:00:03'),(260,197,81,127,29156,562,0,1,0,94,'Nov. 19, 2015','2016-01-06 08:00:03'),(261,198,83,126,28800,1200,0,1,0,95,'Dec. 11, 2015','2016-01-06 08:00:03'),(262,199,83,126,27500,1106,0,1,1,96,'Oct. 13, 2015','2016-01-06 08:00:03'),(263,200,81,127,27032,679,0,1,0,97,'Nov. 13, 2015','2016-01-06 08:00:03'),(264,201,40,113,27000,1200,0,1,1,98,'Dec. 18, 2015','2016-01-06 08:00:03'),(265,202,84,112,25650,1026,0,1,0,99,'Nov. 23, 2015','2016-01-06 08:00:03'),(266,203,83,126,23805,828,0,1,0,100,'Nov. 13, 2015','2016-01-06 08:00:03'),(267,204,40,118,23192,830,0,1,0,101,'Nov. 7, 2015','2016-01-06 08:00:03'),(268,96,83,126,22933,770,0,1,0,102,'Nov. 11, 2015','2016-01-06 08:00:03'),(269,205,83,126,21800,600,0,1,1,103,'Oct. 9, 2015','2016-01-06 08:00:03'),(270,206,83,126,19911,936,0,1,0,104,'Oct. 30, 2015','2016-01-06 08:00:03'),(271,207,81,127,19521,677,0,1,0,105,'Nov. 21, 2015','2016-01-06 08:00:03'),(272,208,83,126,18566,790,0,1,0,106,'Oct. 5, 2015','2016-01-06 08:00:03'),(273,209,84,112,17600,704,0,1,0,107,'Nov. 25, 2015','2016-01-06 08:00:03'),(274,210,14,133,16868,842,0,2,0,108,'Dec. 4-5, 2015','2016-01-06 08:00:03'),(275,211,84,112,16200,810,0,1,0,109,'Dec. 16, 2015','2016-01-06 08:00:03'),(276,212,40,118,15405,442,0,1,0,110,'Nov. 6, 2015','2016-01-06 08:00:03'),(277,213,40,118,15290,555,0,1,0,111,'Nov. 5, 2015','2016-01-06 08:00:03'),(278,214,83,126,15190,752,0,1,0,112,'Dec. 4, 2015','2016-01-06 08:00:03'),(279,215,40,113,15125,750,0,1,0,113,'Dec. 16, 2015','2016-01-06 08:00:03'),(280,216,40,132,14890,522,0,1,0,114,'Dec. 10, 2015','2016-01-06 08:00:03'),(281,217,78,125,13802,293,0,1,0,115,'Nov. 11, 2015','2016-01-06 08:00:03'),(282,218,40,113,13785,487,0,1,0,116,'Dec. 6, 2015','2016-01-06 08:00:03'),(283,219,93,134,13450,538,0,1,0,117,'Oct. 22, 2015','2016-01-06 08:00:03'),(284,220,83,126,12905,530,0,1,0,118,'Oct. 8, 2015','2016-01-06 08:00:03'),(285,221,40,113,12872,646,0,1,0,119,'Dec. 8, 2015','2016-01-06 08:00:03'),(286,222,83,135,10520,526,0,1,1,120,'Nov. 4, 2015','2016-01-06 08:00:03'),(287,223,14,136,10132,596,0,1,1,121,'Dec. 4, 2015','2016-01-06 08:00:03'),(288,224,83,135,10022,501,0,1,1,122,'Nov. 7, 2015','2016-01-06 08:00:03'),(289,225,40,113,10000,500,0,1,0,123,'Dec. 26, 2015','2016-01-06 08:00:03'),(290,226,83,126,9766,584,0,1,0,124,'Oct. 25, 2015','2016-01-06 08:00:03'),(291,111,94,137,9375,462,0,1,0,125,'Oct. 17, 2015','2016-01-06 08:00:03'),(292,227,83,126,8840,446,0,1,0,126,'Oct. 16, 2015','2016-01-06 08:00:03'),(293,115,83,126,8355,332,0,1,0,127,'Oct. 7, 2015','2016-01-06 08:00:03'),(294,125,83,126,7566,375,0,1,0,128,'Nov. 6, 2015','2016-01-06 08:00:03'),(295,228,94,137,6697,318,0,1,0,129,'Nov. 13, 2015','2016-01-06 08:00:03'),(296,229,43,138,6678,505,0,1,1,130,'Dec. 2, 2015','2016-01-06 08:00:03'),(297,116,83,126,6270,344,0,1,0,131,'Nov. 5, 2015','2016-01-06 08:00:03'),(298,230,90,139,6180,176,0,1,0,132,'Nov. 2, 2015','2016-01-06 08:00:03'),(299,231,40,113,5628,251,0,1,0,133,'Dec. 2, 2015','2016-01-06 08:00:03'),(300,232,93,134,5425,217,0,1,0,134,'Oct. 9, 2015','2016-01-06 08:00:03'),(301,233,93,134,5325,213,0,1,0,135,'Nov. 18, 2015','2016-01-06 08:00:03'),(302,234,43,138,3470,260,0,1,0,136,'Nov. 28, 2015','2016-01-06 08:00:03'),(303,235,78,125,3458,232,0,1,0,137,'Nov. 22, 2015','2016-01-06 08:00:03'),(304,236,83,135,2574,141,0,1,0,138,'Nov. 13, 2015','2016-01-06 08:00:03'),(305,237,93,134,2505,167,0,1,0,139,'Oct. 29, 2015','2016-01-06 08:00:03'),(306,238,84,112,2145,143,0,1,0,140,'Dec. 26, 2015','2016-01-06 08:00:03'),(307,211,43,140,2001,144,0,1,0,141,'Dec. 6, 2015','2016-01-06 08:00:03'),(308,239,43,141,1998,173,0,1,0,142,'Nov. 27, 2015','2016-01-06 08:00:03'),(309,240,83,135,1591,103,0,1,0,143,'Oct. 24, 2015','2016-01-06 08:00:03'),(310,241,88,122,1124,92,0,1,0,144,'Nov. 22, 2015','2016-01-06 08:00:03'),(311,242,14,142,1107,80,0,1,0,145,'Dec. 4, 2015','2016-01-06 08:00:03'),(312,243,14,142,958,83,0,1,0,146,'Dec. 5, 2015','2016-01-06 08:00:03'),(313,244,43,143,767,83,0,1,0,147,'Dec. 6, 2015','2016-01-06 08:00:03'),(314,245,14,142,648,81,0,1,0,148,'Dec. 3, 2015','2016-01-06 08:00:03'),(315,246,18,105,4977905,37446,0,9,8,1,'Dec. 1-2, 4, 6-9, 11-12, 2015','2016-01-13 08:00:02'),(316,247,95,144,3165545,45752,0,4,0,2,'Dec. 3-6, 2015','2016-01-13 08:00:02'),(317,248,40,145,2760290,37090,0,3,0,3,'Dec. 28, 30-31, 2015','2016-01-13 08:00:02'),(318,249,96,146,2067935,19040,0,2,2,4,'Nov. 11-12, 2015','2016-01-13 08:00:02'),(319,250,96,146,1239251,19040,0,2,2,5,'Nov. 13-14, 2015','2016-01-13 08:00:02'),(320,251,84,147,1162700,11243,0,1,0,6,'Dec. 14, 2015','2016-01-13 08:00:02'),(321,252,43,148,959606,16863,0,1,1,7,'Nov. 24, 2015','2016-01-13 08:00:02'),(322,253,97,149,953560,11066,0,1,0,8,'Nov. 20, 2015','2016-01-13 08:00:02'),(323,67,40,72,758640,5777,0,1,0,9,'Dec. 12, 2015','2016-01-13 08:00:02'),(324,135,98,150,749416,11647,0,1,0,10,'Dec. 12, 2015','2016-01-13 08:00:02'),(325,253,13,14,715125,8222,0,1,0,11,'Nov. 21, 2015','2016-01-13 08:00:02'),(326,254,99,151,708420,18128,0,2,2,12,'Dec. 10-11, 2015','2016-01-13 08:00:02'),(327,135,100,152,688622,9855,0,1,0,13,'Dec. 10, 2015','2016-01-13 08:00:02'),(328,255,96,146,639490,8081,0,1,0,14,'Nov. 10, 2015','2016-01-13 08:00:02'),(329,256,96,146,634401,9263,0,1,0,15,'Nov. 7, 2015','2016-01-13 08:00:02'),(330,257,96,146,623802,8494,0,1,0,16,'Nov. 22, 2015','2016-01-13 08:00:02'),(331,144,26,153,551468,9400,0,2,2,17,'Dec. 4-5, 2015','2016-01-13 08:00:02'),(332,258,2,8,530145,6291,0,1,0,18,'Nov. 17, 2015','2016-01-13 08:00:02'),(333,259,101,154,506433,5755,0,1,0,19,'Oct. 7, 2015','2016-01-13 08:00:02'),(334,254,40,155,498525,14703,0,3,3,20,'Dec. 12-14, 2015','2016-01-13 08:00:02'),(335,260,29,32,485649,9247,0,1,0,21,'Dec. 8, 2015','2016-01-13 08:00:02'),(336,261,43,156,426865,1241,0,1,0,22,'Dec. 1, 2015','2016-01-13 08:00:02'),(337,262,96,146,410784,17012,0,2,0,23,'Nov. 27-28, 2015','2016-01-13 08:00:02'),(338,256,96,146,402846,9033,0,1,0,24,'Nov. 24, 2015','2016-01-13 08:00:02'),(339,39,73,157,397860,7132,0,1,1,25,'Dec. 3, 2015','2016-01-13 08:00:02'),(340,263,40,155,386202,6438,0,1,0,26,'Oct. 10, 2015','2016-01-13 08:00:02'),(341,144,102,158,369617,6771,0,1,0,27,'Nov. 29, 2015','2016-01-13 08:00:02'),(342,264,96,146,364952,8579,0,1,0,28,'Nov. 4, 2015','2016-01-13 08:00:02'),(343,265,40,72,359340,6882,0,1,1,29,'Dec. 6, 2015','2016-01-13 08:00:02'),(344,266,43,148,342025,2784,0,1,0,30,'Dec. 4, 2015','2016-01-13 08:00:02'),(345,144,53,64,340422,6304,0,1,0,31,'Nov. 28, 2015','2016-01-13 08:00:02'),(346,267,96,146,318142,9520,0,1,1,32,'Nov. 1, 2015','2016-01-13 08:00:02'),(347,268,96,146,310430,6738,0,1,0,33,'Nov. 15, 2015','2016-01-13 08:00:02'),(348,269,96,146,306558,8404,0,1,0,34,'Nov. 25, 2015','2016-01-13 08:00:02'),(349,144,48,159,300377,5532,0,1,0,35,'Nov. 27, 2015','2016-01-13 08:00:02'),(350,270,96,146,290690,8962,0,1,0,36,'Nov. 5, 2015','2016-01-13 08:00:02'),(351,271,40,160,287114,4783,0,1,1,37,'Nov. 25, 2015','2016-01-13 08:00:02'),(352,272,96,146,286634,8850,0,1,0,38,'Nov. 6, 2015','2016-01-13 08:00:02'),(353,254,37,161,259132,9421,0,2,2,39,'Nov. 21, 2015','2016-01-13 08:00:02'),(354,144,103,162,257444,4536,0,1,1,40,'Nov. 20, 2015','2016-01-13 08:00:02'),(355,144,104,163,249092,4596,0,1,1,41,'Nov. 21, 2015','2016-01-13 08:00:02'),(356,254,105,164,246526,8567,0,3,3,42,'Dec. 5-7, 2015','2016-01-13 08:00:02'),(357,273,40,72,237992,2696,0,1,0,43,'Nov. 7, 2015','2016-01-13 08:00:02'),(358,274,13,46,224244,4859,0,3,0,44,'Dec. 4-5, 2015','2016-01-13 08:00:02'),(359,275,96,146,219613,8016,0,1,0,45,'Nov. 26, 2015','2016-01-13 08:00:02'),(360,13,106,165,214808,1693,0,1,1,46,'Dec. 2, 2015','2016-01-13 08:00:02'),(361,273,107,166,212770,3159,0,1,0,47,'Nov. 18, 2015','2016-01-13 08:00:02'),(362,13,108,167,199013,1793,0,1,1,48,'Nov. 29, 2015','2016-01-13 08:00:02'),(363,39,109,168,189827,4164,0,1,1,49,'Dec. 2, 2015','2016-01-13 08:00:02'),(364,18,97,77,169339,4027,0,1,1,50,'Nov. 27, 2015','2016-01-13 08:00:02'),(365,144,110,63,167576,3204,0,1,0,51,'Nov. 22, 2015','2016-01-13 08:00:02'),(366,276,29,32,166552,3802,0,1,0,52,'Dec. 7, 2015','2016-01-13 08:00:02'),(367,42,111,169,163285,1840,0,1,1,53,'Dec. 4, 2015','2016-01-13 08:00:02'),(368,144,57,68,163277,3044,0,1,0,54,'Nov. 25, 2015','2016-01-13 08:00:02'),(369,277,18,170,146870,3268,0,1,1,55,'Dec. 4, 2015','2016-01-13 08:00:02'),(370,278,13,171,142930,2025,0,1,0,56,'Nov. 10, 2015','2016-01-13 08:00:02'),(371,279,59,74,127945,1522,0,1,0,57,'Dec. 12, 2015','2016-01-13 08:00:02'),(372,156,88,122,127391,1766,0,1,1,58,'Dec. 8, 2015','2016-01-13 08:00:02'),(373,145,13,171,124545,2003,0,1,0,59,'Nov. 14, 2015','2016-01-13 08:00:02'),(374,42,108,167,104203,1798,0,1,1,60,'Dec. 2, 2015','2016-01-13 08:00:02'),(375,280,13,46,103031,1758,0,1,0,61,'Dec. 6, 2015','2016-01-13 08:00:02'),(376,281,26,153,94887,1902,0,1,0,62,'Dec. 6, 2015','2016-01-13 08:00:02'),(377,282,6,172,93652,1557,0,1,1,63,'Dec. 4, 2015','2016-01-13 08:00:02'),(378,283,81,127,92680,1434,0,1,0,64,'Dec. 5, 2015','2016-01-13 08:00:02'),(379,283,112,173,87547,1329,0,1,0,65,'Dec. 4, 2015','2016-01-13 08:00:02'),(380,284,111,169,83473,1467,0,1,0,66,'Dec. 11, 2015','2016-01-13 08:00:02'),(381,281,51,174,81352,1752,0,1,0,67,'Nov. 22, 2015','2016-01-13 08:00:02'),(382,281,53,175,80526,1751,0,1,1,68,'Nov. 19, 2015','2016-01-13 08:00:02'),(383,281,113,176,78700,1637,0,1,1,69,'Nov. 21, 2015','2016-01-13 08:00:02'),(384,39,114,177,78147,1330,0,1,0,70,'Dec. 5, 2015','2016-01-13 08:00:02'),(385,285,26,178,76309,1609,0,1,0,71,'Dec. 3, 2015','2016-01-13 08:00:02'),(386,254,13,179,73391,3143,0,2,2,72,'Nov. 23-24, 2015','2016-01-13 08:00:02'),(387,281,115,180,70864,1531,0,1,1,73,'Dec. 3, 2015','2016-01-13 08:00:02'),(388,286,13,181,69752,1911,0,2,0,74,'Nov. 11-12, 2015','2016-01-13 08:00:02'),(389,287,116,182,68813,1311,0,1,0,75,'Dec. 3, 2015','2016-01-13 08:00:02'),(390,281,117,183,67122,1467,0,1,1,76,'Nov. 27, 2015','2016-01-13 08:00:02'),(391,77,13,46,66924,1859,0,1,0,77,'Nov. 20, 2015','2016-01-13 08:00:02'),(392,39,118,184,66284,1195,0,1,0,78,'Dec. 6, 2015','2016-01-13 08:00:02'),(393,281,48,185,66226,1460,0,1,0,79,'Nov. 30, 2015','2016-01-13 08:00:02'),(394,42,119,186,66030,1125,0,1,0,80,'Dec. 1, 2015','2016-01-13 08:00:02'),(395,281,120,178,64840,1434,0,1,1,81,'Nov. 13, 2015','2016-01-13 08:00:02'),(396,254,121,187,63400,2750,0,2,2,82,'Dec. 3-4, 2015','2016-01-13 08:00:02'),(397,288,78,125,63080,1300,0,1,1,83,'Dec. 31, 2015','2016-01-13 08:00:02'),(398,281,122,188,61348,1361,0,1,0,84,'Nov. 26, 2015','2016-01-13 08:00:02'),(399,289,13,181,60260,1575,0,1,0,85,'Nov. 14, 2015','2016-01-13 08:00:02'),(400,290,123,189,58155,1935,0,1,1,86,'Nov. 15, 2015','2016-01-13 08:00:02'),(401,281,124,190,57075,1263,0,1,0,87,'Nov. 14, 2015','2016-01-13 08:00:02'),(402,291,88,122,56138,1663,0,2,0,88,'Dec. 5, 2015','2016-01-13 08:00:02'),(403,281,125,191,55012,1238,0,1,0,89,'Dec. 5, 2015','2016-01-13 08:00:02'),(404,281,52,192,54116,1301,0,1,0,90,'Nov. 23, 2015','2016-01-13 08:00:02'),(405,281,126,193,53295,1302,0,1,0,91,'Nov. 15, 2015','2016-01-13 08:00:02'),(406,23,127,194,51758,965,0,1,1,92,'Nov. 27, 2015','2016-01-13 08:00:02'),(407,281,110,195,51557,1150,0,1,0,93,'Nov. 25, 2015','2016-01-13 08:00:02'),(408,254,128,196,49322,2306,0,2,2,94,'Dec. 1-2, 2015','2016-01-13 08:00:02'),(409,292,129,197,48135,2000,0,1,1,95,'Nov. 12, 2015','2016-01-13 08:00:02'),(410,293,59,74,48112,741,0,1,0,96,'Dec. 11, 2015','2016-01-13 08:00:02'),(411,281,130,198,46925,1089,0,1,0,97,'Nov. 29, 2015','2016-01-13 08:00:02'),(412,281,131,199,46799,1058,0,1,0,98,'Dec. 1, 2015','2016-01-13 08:00:02'),(413,294,132,200,44732,1185,0,1,0,99,'Dec. 1, 2015','2016-01-13 08:00:02'),(414,295,98,201,44337,1149,0,1,0,100,'Nov. 14, 2015','2016-01-13 08:00:02'),(415,117,133,202,43847,1700,0,1,1,101,'Nov. 20, 2015','2016-01-13 08:00:02'),(416,296,72,203,43355,980,0,1,0,102,'Nov. 10, 2015','2016-01-13 08:00:02'),(417,23,134,204,42646,1421,0,1,0,103,'Nov. 28, 2015','2016-01-13 08:00:02'),(418,281,135,205,42599,980,0,1,0,104,'Dec. 4, 2015','2016-01-13 08:00:02'),(419,297,98,201,42395,762,0,1,0,105,'Nov. 15, 2015','2016-01-13 08:00:02'),(420,173,129,197,41820,728,0,1,0,106,'Nov. 15, 2015','2016-01-13 08:00:02'),(421,168,133,202,40815,774,0,1,0,107,'Nov. 13, 2015','2016-01-13 08:00:02'),(422,298,133,202,39027,1252,0,1,0,108,'Nov. 21, 2015','2016-01-13 08:00:02'),(423,299,134,204,38606,803,0,1,0,109,'Nov. 29, 2015','2016-01-13 08:00:02'),(424,300,136,206,37961,875,0,1,0,110,'Nov. 28, 2015','2016-01-13 08:00:02'),(425,301,13,46,37851,1221,0,1,0,111,'Dec. 3, 2015','2016-01-13 08:00:02'),(426,302,100,207,36405,1450,0,2,2,112,'Dec. 4-5, 2015','2016-01-13 08:00:02'),(427,303,99,208,35750,550,0,1,1,113,'Nov. 21, 2015','2016-01-13 08:00:02'),(428,304,23,209,34972,820,0,1,0,114,'Nov. 28, 2015','2016-01-13 08:00:02'),(429,305,13,46,34419,1782,0,1,0,115,'Nov. 21, 2015','2016-01-13 08:00:02'),(430,23,137,210,33797,1149,0,1,1,116,'Nov. 25, 2015','2016-01-13 08:00:02'),(431,306,137,210,33316,631,0,1,0,117,'Nov. 27, 2015','2016-01-13 08:00:02'),(432,24,98,211,32215,737,0,2,0,118,'Dec. 8-9, 2015','2016-01-13 08:00:02'),(433,307,99,208,29150,1100,0,2,2,119,'Oct. 14-15, 2015','2016-01-13 08:00:02'),(434,308,98,212,28900,1156,0,1,0,120,'Nov. 10, 2015','2016-01-13 08:00:02'),(435,254,138,213,28680,1199,0,1,1,121,'Nov. 28, 2015','2016-01-13 08:00:02'),(436,285,51,214,28582,784,0,1,0,122,'Nov. 28, 2015','2016-01-13 08:00:02'),(437,309,133,202,28156,920,0,1,0,123,'Nov. 27, 2015','2016-01-13 08:00:02'),(438,173,134,204,28135,545,0,1,0,124,'Nov. 30, 2015','2016-01-13 08:00:02'),(439,310,98,201,27868,981,0,1,0,125,'Nov. 13, 2015','2016-01-13 08:00:02'),(440,24,132,215,26884,653,0,1,0,126,'Dec. 4, 2015','2016-01-13 08:00:02'),(441,311,139,216,24960,1040,0,1,1,127,'Nov. 20, 2015','2016-01-13 08:00:02'),(442,312,129,197,24808,894,0,1,0,128,'Nov. 11, 2015','2016-01-13 08:00:02'),(443,313,127,217,24761,848,0,1,0,129,'Dec. 1, 2015','2016-01-13 08:00:02'),(444,285,113,176,24382,803,0,1,0,130,'Nov. 30, 2015','2016-01-13 08:00:02'),(445,314,84,112,24000,1200,0,1,1,131,'Dec. 11, 2015','2016-01-13 08:00:02'),(446,313,134,204,23945,870,0,1,0,132,'Dec. 2, 2015','2016-01-13 08:00:02'),(447,315,79,115,23646,679,0,1,0,133,'Dec. 21, 2015','2016-01-13 08:00:02'),(448,316,98,201,23480,1174,0,1,0,134,'Nov. 3, 2015','2016-01-13 08:00:02'),(449,317,13,218,23075,923,0,1,0,135,'Nov. 9, 2015','2016-01-13 08:00:02'),(450,24,140,219,22679,545,0,1,0,136,'Dec. 3, 2015','2016-01-13 08:00:02'),(451,318,132,220,22083,544,0,1,0,137,'Dec. 4, 2015','2016-01-13 08:00:02'),(452,254,141,221,21992,993,0,1,1,138,'Nov. 27, 2015','2016-01-13 08:00:02'),(453,319,129,197,21610,1419,0,1,0,139,'Nov. 21, 2015','2016-01-13 08:00:02'),(454,320,42,50,20813,521,0,1,0,140,'Nov. 14, 2015','2016-01-13 08:00:02'),(455,321,89,222,20250,796,0,1,0,141,'Dec. 11, 2015','2016-01-13 08:00:02'),(456,285,48,81,19493,697,0,1,0,142,'Dec. 1, 2015','2016-01-13 08:00:02'),(457,322,129,197,19412,1430,0,1,0,143,'Nov. 27, 2015','2016-01-13 08:00:02'),(458,323,78,125,19125,579,0,1,0,144,'Dec. 9, 2015','2016-01-13 08:00:02'),(459,324,119,211,19049,469,0,1,0,145,'Nov. 20, 2015','2016-01-13 08:00:02'),(460,325,84,112,17874,993,0,1,0,146,'Dec. 10, 2015','2016-01-13 08:00:02'),(461,326,84,112,17850,714,0,1,0,147,'Dec. 9, 2015','2016-01-13 08:00:02'),(462,296,142,223,17013,530,0,1,0,148,'Nov. 8, 2015','2016-01-13 08:00:02'),(463,327,129,197,16918,832,0,1,0,149,'Nov. 13, 2015','2016-01-13 08:00:02'),(464,328,99,208,16500,550,0,1,1,150,'Sept. 15, 2015','2016-01-13 08:00:02'),(465,329,99,208,16500,1100,0,2,2,151,'Nov. 16-17, 2015','2016-01-13 08:00:02'),(466,330,78,125,16445,638,0,1,0,152,'Dec. 1, 2015','2016-01-13 08:00:02'),(467,331,88,122,16169,467,0,1,0,153,'Dec. 7, 2015','2016-01-13 08:00:02'),(468,254,143,224,16029,709,0,1,1,154,'Nov. 26, 2015','2016-01-13 08:00:02'),(469,332,84,112,15645,447,0,1,0,155,'Dec. 11, 2015','2016-01-13 08:00:02'),(470,285,29,225,15398,743,0,1,0,156,'Nov. 29, 2015','2016-01-13 08:00:02'),(471,333,99,208,15125,550,0,1,1,157,'Nov. 6, 2015','2016-01-13 08:00:02'),(472,334,129,197,14498,441,0,1,0,158,'Nov. 25, 2015','2016-01-13 08:00:02'),(473,335,99,208,14278,516,0,1,1,159,'Nov. 1, 2015','2016-01-13 08:00:02'),(474,336,44,226,14157,465,0,1,0,160,'Nov. 18, 2015','2016-01-13 08:00:02'),(475,337,99,208,13750,550,0,1,1,161,'Oct. 4, 2015','2016-01-13 08:00:02'),(476,338,99,208,13750,550,0,1,1,162,'Oct. 8, 2015','2016-01-13 08:00:02'),(477,339,99,208,13175,527,0,1,1,163,'Nov. 25, 2015','2016-01-13 08:00:02'),(478,340,84,112,12420,828,0,1,0,164,'Dec. 12, 2015','2016-01-13 08:00:02'),(479,341,99,208,12100,550,0,1,1,165,'Oct. 11, 2015','2016-01-13 08:00:02'),(480,342,99,208,12100,550,0,1,1,166,'Oct. 17, 2015','2016-01-13 08:00:02'),(481,343,99,208,11740,523,0,1,1,167,'Nov. 27, 2015','2016-01-13 08:00:02'),(482,344,44,226,11613,289,0,1,0,168,'Nov. 24, 2015','2016-01-13 08:00:02'),(483,345,132,220,11506,511,0,1,0,169,'Dec. 5, 2015','2016-01-13 08:00:02'),(484,346,39,227,11448,494,0,1,0,170,'Nov. 14, 2015','2016-01-13 08:00:02'),(485,347,98,212,11021,562,0,1,0,171,'Nov. 11, 2015','2016-01-13 08:00:02'),(486,348,99,208,11000,550,0,1,1,172,'Oct. 3, 2015','2016-01-13 08:00:02'),(487,349,99,208,11000,550,0,1,1,173,'Oct. 16, 2015','2016-01-13 08:00:02'),(488,350,144,228,10983,432,0,1,0,174,'Nov. 17, 2015','2016-01-13 08:00:02'),(489,351,99,208,10205,314,0,1,0,175,'Oct. 1, 2015','2016-01-13 08:00:02'),(490,318,145,229,10131,207,0,1,0,176,'Dec. 3, 2015','2016-01-13 08:00:02'),(491,124,78,125,9975,413,0,1,0,177,'Dec. 3, 2015','2016-01-13 08:00:02'),(492,352,99,208,9926,535,0,1,1,178,'Sept. 6, 2015','2016-01-13 08:00:02'),(493,353,99,208,9920,496,0,1,0,179,'Oct. 29, 2015','2016-01-13 08:00:02'),(494,354,99,208,9900,550,0,1,1,180,'Sept. 13, 2015','2016-01-13 08:00:02'),(495,355,99,208,9465,423,0,1,0,181,'Nov. 15, 2015','2016-01-13 08:00:02'),(496,356,99,208,9350,550,0,1,1,182,'Sept. 10, 2015','2016-01-13 08:00:02'),(497,357,78,125,8985,441,0,1,0,183,'Dec. 6, 2015','2016-01-13 08:00:02'),(498,358,21,230,8715,551,0,1,1,184,'Nov. 27, 2015','2016-01-13 08:00:02'),(499,359,99,208,8611,388,0,1,0,185,'Nov. 19, 2015','2016-01-13 08:00:02'),(500,360,99,208,8470,523,0,1,1,186,'Sept. 4, 2015','2016-01-13 08:00:02'),(501,361,99,208,8444,376,0,1,0,187,'Oct. 9, 2015','2016-01-13 08:00:02'),(502,362,99,208,8260,413,0,1,0,188,'Nov. 4, 2015','2016-01-13 08:00:02'),(503,363,99,208,8250,550,0,1,1,189,'Sept. 12, 2015','2016-01-13 08:00:02'),(504,364,99,208,8250,550,0,1,1,190,'Sept. 29, 2015','2016-01-13 08:00:02'),(505,365,99,208,8250,550,0,1,1,191,'Oct. 5, 2015','2016-01-13 08:00:02'),(506,366,99,208,8250,550,0,1,1,192,'Oct. 21, 2015','2016-01-13 08:00:02'),(507,367,99,208,8250,550,0,1,1,193,'Oct. 24, 2015','2016-01-13 08:00:02'),(508,368,99,208,8250,550,0,1,1,194,'Nov. 22, 2015','2016-01-13 08:00:02'),(509,369,99,208,8150,326,0,1,0,195,'Sept. 14, 2015','2016-01-13 08:00:02'),(510,370,99,208,7790,478,0,1,0,196,'Nov. 20, 2015','2016-01-13 08:00:02'),(511,371,99,208,7746,423,0,1,0,197,'Oct. 10, 2015','2016-01-13 08:00:02'),(512,372,99,208,7000,350,0,1,1,198,'Nov. 28, 2015','2016-01-13 08:00:02'),(513,330,93,134,6975,279,0,1,0,199,'Dec. 2, 2015','2016-01-13 08:00:02'),(514,373,84,112,6940,347,0,1,0,200,'Dec. 7, 2015','2016-01-13 08:00:02'),(515,374,99,208,6900,460,0,1,0,201,'Sept. 26, 2015','2016-01-13 08:00:02'),(516,214,146,46,6843,431,0,1,0,202,'Nov. 20, 2015','2016-01-13 08:00:02'),(517,375,99,208,6300,350,0,1,1,203,'Oct. 25, 2015','2016-01-13 08:00:02'),(518,376,99,208,6144,491,0,1,0,204,'Nov. 5, 2015','2016-01-13 08:00:02'),(519,222,147,231,6114,300,0,1,1,205,'Nov. 10, 2015','2016-01-13 08:00:02'),(520,377,132,232,6019,400,0,1,1,206,'Dec. 13, 2015','2016-01-13 08:00:02'),(521,378,99,208,5955,397,0,1,0,207,'Nov. 13, 2015','2016-01-13 08:00:02'),(522,379,99,208,5940,297,0,1,0,208,'Sept. 8, 2015','2016-01-13 08:00:02'),(523,380,98,212,5705,518,0,1,0,209,'Nov. 6, 2015','2016-01-13 08:00:02'),(524,381,99,208,5654,348,0,1,0,210,'Oct. 20, 2015','2016-01-13 08:00:02'),(525,324,44,226,5617,195,0,1,0,211,'Nov. 21, 2015','2016-01-13 08:00:02'),(526,382,93,134,5610,258,0,1,0,212,'Dec. 5, 2015','2016-01-13 08:00:02'),(527,383,62,49,5450,156,0,1,0,213,'Dec. 9, 2015','2016-01-13 08:00:02'),(528,222,148,233,5226,257,0,1,0,214,'Nov. 16, 2015','2016-01-13 08:00:02'),(529,384,14,142,4635,309,0,1,0,215,'Dec. 11, 2015','2016-01-13 08:00:02'),(530,385,132,232,4466,320,0,1,0,216,'Nov. 28, 2015','2016-01-13 08:00:02'),(531,386,98,212,3978,174,0,1,0,217,'Nov. 2, 2015','2016-01-13 08:00:02'),(532,387,132,232,3281,235,0,1,0,218,'Dec. 4, 2015','2016-01-13 08:00:02'),(533,388,14,142,3012,250,0,1,1,219,'Dec. 12, 2015','2016-01-13 08:00:02'),(534,202,149,234,2946,162,0,1,0,220,'Nov. 15, 2015','2016-01-13 08:00:02'),(535,389,43,235,2549,188,0,1,0,221,'Dec. 3, 2015','2016-01-13 08:00:02'),(536,390,14,142,2346,140,0,1,0,222,'Dec. 13, 2015','2016-01-13 08:00:02'),(537,391,43,236,2026,106,0,1,0,223,'Dec. 9, 2015','2016-01-13 08:00:02'),(538,392,132,232,1800,120,0,1,0,224,'Nov. 19, 2015','2016-01-13 08:00:02'),(539,393,132,232,1620,108,0,1,0,225,'Nov. 20, 2015','2016-01-13 08:00:02'),(540,394,147,231,1548,113,0,1,0,226,'Nov. 21, 2015','2016-01-13 08:00:02'),(541,395,14,142,1470,107,0,1,0,227,'Dec. 10, 2015','2016-01-13 08:00:02'),(542,396,147,237,940,94,0,1,0,228,'Nov. 13, 2015','2016-01-13 08:00:02');
/*!40000 ALTER TABLE `boxoffice_app_event` ENABLE KEYS */;
UNLOCK TABLES;

--
-- Table structure for table `boxoffice_app_eventprice`
--

DROP TABLE IF EXISTS `boxoffice_app_eventprice`;
/*!40101 SET @saved_cs_client     = @@character_set_client */;
/*!40101 SET character_set_client = utf8 */;
CREATE TABLE `boxoffice_app_eventprice` (
  `id` int(11) NOT NULL AUTO_INCREMENT,
  `event_id` int(11) NOT NULL,
  `price_id` int(11) NOT NULL,
  PRIMARY KEY (`id`),
  UNIQUE KEY `event_id` (`event_id`,`price_id`),
  KEY `boxoffice_app_price_id_e9e171eaa021743_fk_boxoffice_app_price_id` (`price_id`),
  CONSTRAINT `boxoffice_app_price_id_e9e171eaa021743_fk_boxoffice_app_price_id` FOREIGN KEY (`price_id`) REFERENCES `boxoffice_app_price` (`id`),
  CONSTRAINT `boxoffice_ap_event_id_6f2d9b9e28a078a2_fk_boxoffice_app_event_id` FOREIGN KEY (`event_id`) REFERENCES `boxoffice_app_event` (`id`)
) ENGINE=InnoDB AUTO_INCREMENT=1034 DEFAULT CHARSET=latin1;
/*!40101 SET character_set_client = @saved_cs_client */;

--
-- Dumping data for table `boxoffice_app_eventprice`
--

LOCK TABLES `boxoffice_app_eventprice` WRITE;
/*!40000 ALTER TABLE `boxoffice_app_eventprice` DISABLE KEYS */;
INSERT INTO `boxoffice_app_eventprice` VALUES (1,1,1),(2,1,2),(3,2,3),(4,2,4),(5,3,5),(6,3,6),(7,4,7),(8,4,8),(9,5,9),(10,5,10),(11,6,11),(12,6,12),(13,7,13),(14,7,14),(15,8,15),(16,9,16),(17,9,17),(18,10,18),(19,10,19),(20,11,20),(21,11,21),(22,12,22),(23,12,23),(24,13,24),(25,13,25),(26,14,24),(27,14,26),(28,15,27),(29,15,28),(30,16,29),(31,16,30),(32,17,31),(33,17,32),(35,18,26),(34,18,33),(36,19,34),(37,19,35),(38,20,36),(39,21,37),(40,21,38),(41,22,39),(42,23,40),(45,24,23),(46,24,40),(43,24,41),(44,24,42),(48,25,26),(47,25,43),(49,26,44),(50,27,45),(53,28,23),(52,28,41),(51,28,46),(54,28,47),(55,29,48),(56,29,49),(57,30,50),(58,31,51),(59,32,52),(60,32,53),(61,33,54),(62,33,55),(63,34,44),(64,34,56),(65,35,57),(66,35,58),(67,36,59),(68,36,60),(69,37,61),(70,37,62),(71,38,63),(72,38,64),(73,39,65),(74,39,66),(75,40,67),(76,40,68),(77,41,69),(78,41,70),(79,42,71),(80,42,72),(81,43,73),(82,43,74),(83,44,75),(84,44,76),(85,45,77),(86,45,78),(87,46,79),(88,46,80),(89,47,75),(90,47,76),(91,48,65),(92,48,66),(93,49,81),(94,49,82),(96,50,40),(95,50,83),(97,51,84),(98,51,85),(99,52,33),(100,52,86),(101,53,87),(102,53,88),(104,54,50),(103,54,89),(105,54,90),(106,55,91),(107,56,92),(108,56,93),(109,57,94),(110,57,95),(111,58,96),(112,59,49),(114,60,40),(113,60,97),(115,61,44),(116,61,98),(117,62,99),(118,62,100),(119,63,40),(120,64,49),(121,65,47),(122,66,44),(123,67,49),(124,67,101),(125,68,40),(126,68,102),(127,69,103),(128,69,104),(129,70,105),(130,71,106),(131,72,40),(132,73,107),(133,74,108),(134,75,103),(135,76,109),(136,77,103),(137,78,110),(138,78,111),(139,79,112),(140,79,113),(141,79,114),(142,79,115),(145,80,114),(146,80,115),(143,80,116),(144,80,117),(147,81,118),(148,81,119),(149,82,120),(150,82,121),(152,83,47),(151,83,122),(153,84,123),(154,84,124),(155,85,125),(156,85,126),(157,86,127),(158,86,128),(159,87,83),(160,87,100),(161,88,129),(162,88,130),(163,89,131),(164,89,132),(165,90,133),(166,90,134),(167,91,135),(168,91,136),(169,92,23),(171,92,47),(170,92,137),(172,93,138),(173,93,139),(174,94,140),(175,94,141),(176,95,42),(177,95,142),(178,96,143),(179,96,144),(180,97,145),(181,97,146),(183,98,28),(182,98,147),(184,99,148),(185,99,149),(187,100,41),(186,100,150),(188,100,151),(189,100,152),(191,101,54),(190,101,153),(193,102,23),(192,102,37),(194,103,154),(195,103,155),(196,103,156),(197,103,157),(199,104,97),(198,104,158),(200,105,97),(201,105,159),(205,106,44),(203,106,86),(204,106,97),(202,106,160),(206,107,147),(207,107,161),(209,108,55),(208,108,162),(211,109,24),(210,109,151),(213,110,44),(212,110,97),(214,111,86),(215,111,159),(216,112,40),(217,112,44),(218,113,24),(219,113,40),(221,114,51),(220,114,163),(222,115,14),(223,115,97),(225,116,40),(224,116,47),(226,116,164),(228,117,40),(227,117,49),(232,118,47),(231,118,147),(230,118,163),(229,118,165),(234,119,47),(233,119,163),(235,120,44),(236,120,108),(237,121,44),(238,121,166),(241,122,26),(239,122,41),(240,122,44),(242,123,49),(243,123,167),(244,124,23),(247,124,47),(246,124,87),(245,124,168),(248,125,52),(249,125,53),(250,126,25),(251,126,169),(252,127,40),(253,127,109),(255,128,45),(254,128,159),(258,129,26),(256,129,40),(257,129,44),(259,130,24),(260,130,86),(262,130,108),(261,130,159),(263,131,97),(264,131,170),(265,132,49),(266,132,171),(269,133,26),(267,133,40),(268,133,115),(271,134,44),(270,134,172),(273,135,47),(272,135,159),(274,136,24),(275,136,45),(277,137,26),(276,137,169),(278,138,40),(279,138,115),(280,139,25),(281,139,166),(282,140,44),(283,140,173),(284,141,24),(286,141,40),(285,141,49),(288,142,54),(287,142,162),(289,142,171),(291,143,146),(290,143,169),(292,144,26),(293,144,45),(294,145,40),(295,145,44),(296,146,24),(298,146,26),(297,146,44),(299,147,169),(300,147,174),(301,148,26),(302,148,175),(304,149,32),(303,149,176),(305,150,26),(306,150,177),(307,151,26),(308,151,108),(309,152,26),(310,152,176),(311,153,26),(312,153,176),(313,154,26),(314,155,26),(315,155,176),(316,156,26),(317,156,45),(319,157,56),(318,157,97),(320,158,32),(321,158,170),(322,159,32),(323,159,56),(325,160,26),(324,160,44),(326,161,45),(327,161,56),(328,161,178),(330,162,32),(329,162,176),(331,163,32),(332,163,56),(334,164,26),(333,164,44),(335,165,45),(336,165,56),(337,166,32),(338,166,56),(339,167,179),(340,167,180),(341,168,181),(342,168,182),(343,169,183),(344,169,184),(345,170,185),(346,170,186),(347,171,187),(348,171,188),(350,172,147),(349,172,189),(351,173,190),(352,173,191),(353,174,192),(354,175,193),(355,175,194),(357,176,163),(356,176,195),(358,177,196),(360,178,53),(359,178,197),(362,179,154),(361,179,198),(363,179,199),(364,179,200),(365,180,201),(366,180,202),(368,181,47),(367,181,114),(369,182,27),(370,182,159),(371,183,203),(372,183,204),(373,184,24),(374,184,159),(375,185,83),(376,185,100),(377,186,192),(378,187,205),(379,187,206),(380,188,24),(381,188,159),(382,189,207),(383,189,208),(384,190,209),(385,190,210),(386,191,211),(387,192,212),(388,193,213),(389,193,214),(390,194,215),(392,195,147),(391,195,216),(393,196,43),(394,196,217),(396,197,41),(397,197,114),(398,197,159),(395,197,218),(400,198,49),(399,198,219),(401,199,33),(402,199,220),(403,199,221),(404,199,222),(405,200,223),(406,200,224),(407,201,159),(408,202,44),(409,203,40),(410,203,225),(411,204,226),(412,204,227),(413,205,114),(414,205,159),(416,206,40),(415,206,114),(419,207,14),(417,207,41),(418,207,158),(420,207,159),(422,208,146),(421,208,152),(423,209,90),(424,210,14),(425,210,96),(427,211,22),(428,211,114),(429,211,147),(426,211,228),(430,212,229),(431,212,230),(432,213,114),(433,213,147),(435,214,86),(434,214,218),(437,215,159),(436,215,160),(438,216,23),(439,216,47),(441,217,40),(440,217,86),(442,218,86),(443,218,87),(444,218,115),(445,219,40),(447,220,44),(446,220,49),(448,221,220),(449,221,231),(450,221,232),(451,221,233),(453,222,40),(452,222,159),(454,223,234),(455,223,235),(456,224,49),(457,225,50),(458,225,236),(459,226,40),(460,227,41),(461,227,42),(463,227,47),(462,227,147),(464,228,237),(465,228,238),(467,229,49),(466,229,152),(469,230,44),(468,230,172),(470,231,96),(471,232,33),(473,232,159),(472,232,160),(474,233,97),(475,233,173),(476,234,47),(477,235,239),(478,235,240),(480,236,101),(479,236,222),(481,237,38),(482,237,44),(484,238,44),(483,238,49),(486,239,40),(485,239,49),(488,240,26),(487,240,241),(490,241,26),(489,241,44),(492,242,26),(491,242,242),(493,243,24),(494,243,45),(496,244,26),(495,244,44),(497,245,44),(501,246,49),(499,246,86),(500,246,159),(498,246,165),(503,247,96),(502,247,222),(505,248,98),(504,248,115),(506,249,111),(507,249,174),(508,250,40),(509,250,173),(511,251,25),(510,251,222),(512,252,169),(513,252,236),(515,253,40),(514,253,42),(516,254,26),(517,255,26),(518,256,26),(520,257,26),(519,257,91),(522,258,47),(521,258,137),(524,259,32),(523,259,176),(525,260,23),(526,260,115),(527,261,146),(529,262,26),(528,262,169),(531,263,96),(530,263,100),(532,264,108),(533,265,26),(535,266,45),(534,266,176),(537,267,26),(536,267,40),(538,268,25),(539,268,115),(541,269,40),(540,269,97),(542,270,26),(543,270,176),(544,271,51),(545,271,243),(547,272,26),(546,272,55),(548,273,26),(550,274,45),(549,274,176),(551,275,45),(552,276,40),(553,276,166),(554,277,96),(555,277,174),(557,278,45),(556,278,177),(558,279,26),(559,279,45),(560,280,96),(561,280,166),(562,281,99),(563,281,244),(565,282,26),(564,282,33),(566,283,26),(568,284,26),(567,284,44),(569,285,45),(570,285,245),(572,286,45),(571,286,176),(573,287,45),(574,287,246),(576,288,45),(575,288,176),(577,289,45),(579,290,45),(578,290,176),(580,291,26),(581,291,108),(583,292,45),(582,292,176),(585,293,26),(584,293,44),(587,294,45),(586,294,176),(588,295,25),(589,295,45),(590,296,247),(591,296,248),(593,297,32),(592,297,45),(595,298,40),(594,298,171),(597,299,109),(596,299,177),(598,300,26),(599,301,26),(600,302,56),(601,302,249),(603,303,246),(602,303,250),(605,304,32),(604,304,176),(606,305,56),(607,306,56),(608,307,251),(609,307,252),(610,308,253),(611,308,254),(613,309,56),(612,309,250),(614,310,246),(615,310,255),(616,311,56),(617,311,256),(619,312,103),(618,312,256),(620,313,257),(621,313,258),(622,314,259),(623,315,13),(626,315,163),(624,315,260),(625,315,261),(628,316,45),(627,316,150),(632,317,45),(630,317,114),(631,317,163),(629,317,189),(633,318,262),(634,318,263),(635,319,264),(637,320,159),(636,320,218),(638,321,265),(639,321,266),(641,322,24),(642,322,97),(640,322,111),(644,323,92),(643,323,267),(645,324,27),(646,324,159),(648,325,24),(649,325,97),(647,325,111),(651,326,40),(650,326,47),(652,327,240),(653,328,268),(654,329,269),(655,329,270),(656,330,271),(657,331,272),(658,331,273),(659,332,274),(660,332,275),(662,333,147),(661,333,276),(664,334,26),(663,334,159),(665,335,277),(666,335,278),(667,336,279),(668,336,280),(669,337,281),(670,338,269),(671,338,270),(672,339,282),(673,339,283),(675,340,97),(674,340,284),(676,341,285),(677,341,286),(678,342,287),(679,343,114),(680,343,147),(681,344,288),(682,344,289),(683,345,290),(684,345,291),(685,346,292),(686,347,293),(687,348,294),(688,349,295),(689,349,296),(690,350,297),(692,351,40),(691,351,163),(693,352,298),(694,353,25),(695,353,177),(696,354,299),(697,354,300),(698,355,301),(699,355,302),(700,356,25),(701,356,303),(703,357,45),(702,357,304),(704,358,155),(705,358,305),(706,359,306),(708,360,97),(707,360,307),(710,361,86),(709,361,261),(711,362,284),(712,362,308),(713,363,309),(714,363,310),(716,364,52),(718,364,161),(715,364,311),(717,364,312),(719,365,313),(720,365,314),(721,366,315),(722,366,316),(724,367,26),(723,367,37),(725,368,295),(726,368,296),(728,369,44),(727,369,160),(730,370,168),(729,370,317),(731,371,42),(732,371,86),(734,372,99),(733,372,318),(736,373,147),(735,373,160),(737,374,232),(738,374,319),(740,375,147),(739,375,163),(741,376,320),(742,376,321),(744,377,147),(743,377,163),(746,378,147),(745,378,322),(748,379,147),(747,379,322),(750,380,47),(749,380,165),(751,381,323),(752,381,324),(753,382,325),(754,382,326),(755,383,327),(756,383,328),(757,384,329),(758,384,330),(759,385,331),(760,385,332),(761,386,26),(762,387,333),(763,387,334),(764,388,53),(766,389,242),(765,389,335),(767,390,336),(768,390,337),(769,391,90),(770,392,338),(771,392,339),(772,393,340),(773,393,341),(774,394,165),(775,394,342),(777,395,326),(776,395,343),(778,396,169),(779,396,177),(781,397,49),(780,397,218),(782,398,344),(783,398,345),(784,399,14),(785,399,173),(786,400,40),(787,400,44),(788,401,346),(789,401,347),(790,402,50),(791,402,348),(792,403,349),(793,403,350),(794,404,323),(795,404,324),(796,405,351),(797,405,352),(798,406,152),(799,406,159),(800,407,336),(801,407,337),(802,408,279),(803,408,353),(805,409,26),(804,409,44),(806,409,45),(807,410,24),(808,410,40),(809,411,340),(810,411,341),(811,412,340),(812,412,341),(814,413,115),(813,413,159),(815,414,49),(816,414,240),(817,415,217),(818,415,354),(819,416,355),(820,416,356),(821,417,47),(822,417,115),(823,418,357),(824,418,358),(826,419,26),(825,419,38),(827,420,14),(828,420,159),(829,421,14),(830,421,173),(831,422,47),(832,422,115),(834,423,164),(833,423,359),(835,424,86),(836,424,106),(837,425,305),(839,426,26),(838,426,44),(840,427,14),(842,428,115),(841,428,147),(844,429,108),(843,429,305),(845,430,47),(846,430,360),(847,431,23),(848,431,161),(849,432,147),(850,432,361),(851,433,98),(852,434,26),(853,435,362),(854,435,363),(855,436,364),(856,436,365),(858,437,44),(857,437,88),(860,438,115),(859,438,163),(861,439,44),(862,439,173),(863,440,147),(864,440,161),(865,441,96),(866,441,146),(867,442,44),(868,442,173),(870,443,25),(869,443,366),(872,444,332),(871,444,367),(873,445,45),(874,446,91),(875,446,173),(876,447,90),(877,447,236),(878,448,45),(879,449,26),(880,450,43),(881,450,368),(882,451,97),(883,451,240),(884,452,369),(885,452,370),(886,453,45),(887,453,56),(888,454,49),(889,455,96),(890,455,246),(892,456,332),(891,456,367),(893,457,45),(894,457,56),(895,457,371),(896,458,101),(897,458,109),(898,459,147),(899,459,161),(900,460,32),(901,461,26),(902,462,372),(903,462,373),(905,463,45),(904,463,176),(906,464,44),(908,465,56),(907,465,250),(910,466,26),(909,466,169),(911,467,49),(912,467,250),(913,468,374),(914,468,375),(915,469,40),(917,470,332),(916,470,367),(918,471,173),(920,472,40),(919,472,42),(921,472,173),(922,473,44),(923,473,173),(924,474,47),(925,474,115),(926,475,26),(927,476,26),(928,477,26),(929,478,56),(930,479,26),(931,479,176),(932,480,176),(933,481,26),(934,481,176),(936,482,161),(935,482,163),(937,483,26),(938,483,176),(939,484,26),(940,484,108),(942,485,56),(941,485,176),(943,486,45),(944,487,45),(946,488,26),(945,488,169),(947,489,51),(949,490,47),(948,490,147),(950,491,55),(951,491,146),(953,492,32),(952,492,45),(954,493,45),(956,494,32),(955,494,45),(957,495,26),(958,495,176),(959,496,250),(960,497,26),(961,497,103),(962,498,32),(963,498,56),(964,499,26),(965,499,176),(966,500,45),(967,500,56),(968,501,26),(969,501,376),(970,502,45),(971,503,56),(972,504,56),(974,505,56),(973,505,250),(975,506,56),(976,507,56),(977,508,56),(978,509,26),(979,510,32),(980,510,170),(982,511,32),(981,511,45),(983,512,45),(984,513,26),(985,514,45),(986,515,56),(987,516,45),(988,516,250),(989,517,32),(990,518,56),(991,518,256),(993,519,45),(992,519,176),(994,520,32),(995,520,56),(996,521,56),(997,522,45),(998,523,56),(999,523,103),(1000,524,32),(1001,524,170),(1002,525,147),(1003,525,377),(1004,526,44),(1005,526,45),(1007,527,26),(1006,527,40),(1009,528,45),(1008,528,378),(1010,529,56),(1011,530,56),(1012,530,178),(1013,531,26),(1014,531,176),(1015,532,56),(1016,532,178),(1017,533,246),(1018,533,256),(1020,534,32),(1019,534,45),(1021,535,251),(1022,535,379),(1023,536,32),(1024,536,170),(1025,537,380),(1026,537,381),(1027,538,56),(1028,539,56),(1029,540,56),(1030,540,256),(1031,541,56),(1032,541,382),(1033,542,103);
/*!40000 ALTER TABLE `boxoffice_app_eventprice` ENABLE KEYS */;
UNLOCK TABLES;

--
-- Table structure for table `boxoffice_app_eventpromoter`
--

DROP TABLE IF EXISTS `boxoffice_app_eventpromoter`;
/*!40101 SET @saved_cs_client     = @@character_set_client */;
/*!40101 SET character_set_client = utf8 */;
CREATE TABLE `boxoffice_app_eventpromoter` (
  `id` int(11) NOT NULL AUTO_INCREMENT,
  `event_id` int(11) NOT NULL,
  `promoter_id` int(11) NOT NULL,
  PRIMARY KEY (`id`),
  UNIQUE KEY `event_id` (`event_id`,`promoter_id`),
  KEY `boxoff_promoter_id_53bf2492dde34e8d_fk_boxoffice_app_promoter_id` (`promoter_id`),
  CONSTRAINT `boxoffice_ap_event_id_70a46cb598744064_fk_boxoffice_app_event_id` FOREIGN KEY (`event_id`) REFERENCES `boxoffice_app_event` (`id`),
  CONSTRAINT `boxoff_promoter_id_53bf2492dde34e8d_fk_boxoffice_app_promoter_id` FOREIGN KEY (`promoter_id`) REFERENCES `boxoffice_app_promoter` (`id`)
) ENGINE=InnoDB AUTO_INCREMENT=685 DEFAULT CHARSET=latin1;
/*!40101 SET character_set_client = @saved_cs_client */;

--
-- Dumping data for table `boxoffice_app_eventpromoter`
--

LOCK TABLES `boxoffice_app_eventpromoter` WRITE;
/*!40000 ALTER TABLE `boxoffice_app_eventpromoter` DISABLE KEYS */;
INSERT INTO `boxoffice_app_eventpromoter` VALUES (1,1,1),(2,1,2),(3,2,1),(4,2,2),(5,3,1),(6,3,2),(7,4,1),(8,4,2),(9,5,1),(10,5,2),(11,6,3),(12,7,4),(13,8,5),(14,9,4),(15,10,4),(16,11,4),(17,12,4),(18,13,6),(19,14,7),(20,15,3),(21,16,3),(22,17,3),(23,18,3),(24,19,3),(25,20,3),(28,21,2),(26,21,8),(27,21,9),(29,22,3),(30,23,10),(31,24,2),(32,25,3),(33,26,10),(34,27,11),(35,28,2),(36,29,12),(37,30,13),(38,30,14),(39,31,2),(40,31,14),(43,32,14),(41,32,15),(42,32,16),(44,33,17),(46,34,14),(45,34,18),(47,35,19),(48,36,19),(49,37,19),(50,38,19),(51,39,19),(52,40,19),(53,41,19),(54,41,20),(55,42,19),(56,43,19),(57,44,19),(58,45,21),(59,46,22),(60,47,19),(61,48,19),(63,49,5),(62,49,23),(64,50,6),(65,51,3),(66,52,24),(67,52,25),(68,53,26),(69,54,26),(70,55,26),(72,56,14),(71,56,27),(73,57,28),(74,58,26),(75,59,26),(76,60,10),(78,61,2),(77,61,29),(79,62,10),(80,63,10),(81,64,24),(82,64,25),(83,65,26),(84,66,26),(85,67,26),(87,68,14),(86,68,27),(89,69,14),(88,69,30),(90,70,10),(91,71,10),(92,72,10),(93,73,31),(94,73,32),(95,74,10),(96,75,10),(97,76,10),(98,77,10),(99,78,33),(101,79,2),(100,79,34),(103,80,2),(102,80,34),(104,81,35),(105,82,35),(106,83,3),(107,83,36),(108,84,35),(109,85,35),(110,86,35),(111,87,3),(112,88,35),(113,89,35),(114,90,35),(115,91,35),(116,92,2),(117,93,35),(118,94,35),(119,95,35),(120,96,35),(121,97,2),(122,98,2),(123,99,35),(124,99,37),(125,100,25),(126,101,4),(127,102,2),(128,103,2),(129,104,10),(130,105,2),(131,106,2),(132,106,38),(133,107,2),(134,108,39),(135,109,10),(136,110,2),(137,111,2),(138,112,2),(139,113,40),(140,114,41),(141,115,2),(142,116,2),(143,117,2),(144,118,2),(145,119,2),(146,120,2),(147,121,2),(148,122,2),(149,123,2),(150,124,2),(151,125,2),(152,126,2),(153,127,2),(154,128,2),(155,129,2),(156,130,2),(157,131,42),(158,132,2),(159,133,2),(160,134,2),(161,135,2),(162,136,2),(163,137,2),(164,138,2),(165,139,2),(166,140,2),(167,141,2),(168,142,2),(169,143,2),(170,144,2),(171,145,2),(172,146,2),(173,147,2),(174,148,2),(175,149,2),(176,150,2),(177,151,2),(178,152,2),(179,153,2),(180,154,2),(181,155,2),(182,156,2),(183,157,2),(184,158,2),(185,159,2),(186,160,2),(187,161,2),(188,162,2),(189,163,2),(190,164,2),(191,165,2),(192,166,2),(193,167,43),(194,168,43),(195,169,43),(196,170,43),(197,171,43),(198,172,3),(199,173,44),(200,174,44),(201,175,45),(202,175,46),(203,176,3),(204,177,44),(205,178,3),(207,179,2),(208,179,25),(206,179,47),(210,180,2),(209,180,48),(212,181,2),(211,181,29),(213,182,49),(214,183,50),(215,184,24),(217,185,2),(216,185,29),(218,186,50),(219,187,51),(220,188,24),(221,189,52),(222,189,53),(224,190,50),(223,190,54),(225,191,55),(226,192,56),(227,193,50),(228,194,57),(230,195,2),(229,195,29),(231,196,3),(232,197,2),(233,198,50),(234,199,2),(235,200,2),(236,201,58),(238,202,2),(237,202,29),(239,203,2),(240,204,53),(241,204,59),(243,205,2),(242,205,29),(245,206,2),(244,206,29),(246,207,60),(247,208,61),(249,209,2),(248,209,29),(250,210,62),(251,210,63),(252,211,2),(253,212,50),(254,213,15),(256,214,2),(255,214,29),(257,215,10),(258,216,64),(259,217,58),(260,218,2),(261,219,58),(263,220,2),(262,220,29),(264,221,65),(266,222,2),(265,222,29),(267,223,66),(268,224,58),(270,225,2),(269,225,29),(271,226,15),(272,227,2),(273,228,45),(274,229,10),(276,230,2),(275,230,29),(277,231,58),(278,232,2),(280,233,2),(279,233,29),(282,234,2),(281,234,29),(283,235,67),(284,236,10),(285,236,45),(287,237,2),(286,237,29),(289,238,2),(288,238,29),(290,239,2),(291,240,2),(293,241,2),(292,241,29),(295,242,2),(294,242,29),(296,243,68),(297,244,24),(298,245,58),(299,246,2),(300,247,2),(301,248,10),(302,248,45),(303,249,45),(305,250,2),(304,250,29),(306,251,2),(307,252,2),(308,253,65),(309,254,58),(310,255,58),(311,256,58),(313,257,2),(312,257,29),(314,258,15),(316,259,2),(315,259,29),(317,260,53),(318,261,2),(319,262,2),(320,263,53),(322,264,2),(321,264,29),(323,265,58),(324,266,2),(326,267,2),(325,267,29),(327,268,2),(328,269,2),(329,270,2),(330,271,53),(331,272,2),(332,273,58),(333,274,24),(334,275,58),(336,276,2),(335,276,29),(338,277,2),(337,277,29),(339,278,2),(341,279,2),(340,279,29),(343,280,2),(342,280,29),(344,281,10),(345,281,45),(347,282,2),(346,282,29),(348,283,45),(349,283,46),(350,284,2),(352,285,2),(351,285,29),(353,286,2),(354,287,24),(355,288,2),(357,289,2),(356,289,29),(358,290,2),(359,291,2),(360,292,2),(361,293,2),(362,294,2),(363,295,2),(364,296,31),(365,296,32),(366,297,2),(367,298,2),(369,299,2),(368,299,29),(370,300,45),(371,300,46),(372,301,45),(373,301,46),(374,302,31),(375,302,32),(376,303,10),(377,303,45),(378,304,2),(379,305,45),(380,305,46),(381,306,58),(382,307,31),(383,307,32),(384,308,31),(385,308,32),(386,309,2),(387,310,69),(388,311,24),(389,312,24),(390,313,31),(391,313,32),(392,314,24),(393,315,2),(394,315,25),(395,316,70),(396,317,3),(397,318,71),(398,319,72),(399,320,73),(401,321,3),(402,321,31),(400,321,32),(404,322,2),(403,322,49),(406,323,2),(405,323,29),(408,324,2),(407,324,49),(410,325,2),(409,325,49),(411,326,74),(413,327,2),(414,327,15),(412,327,49),(415,328,75),(416,329,71),(417,330,76),(418,331,57),(419,332,77),(421,333,2),(420,333,29),(422,334,2),(423,335,78),(425,336,31),(424,336,32),(426,337,71),(427,338,71),(428,339,28),(430,340,2),(429,340,29),(431,341,57),(432,342,71),(434,343,2),(433,343,29),(435,343,79),(436,344,80),(437,345,57),(438,346,81),(439,347,71),(440,348,71),(441,349,57),(442,350,81),(444,351,2),(443,351,29),(445,352,71),(446,353,82),(447,353,83),(448,354,57),(449,355,57),(450,356,2),(452,357,2),(451,357,29),(453,358,84),(454,359,71),(455,360,2),(456,360,10),(458,361,2),(457,361,29),(459,362,2),(460,362,10),(461,363,28),(463,364,2),(462,364,85),(464,365,57),(465,366,50),(466,367,10),(467,367,86),(468,368,57),(469,369,24),(470,370,87),(471,371,10),(472,372,88),(473,373,87),(474,374,2),(475,374,10),(476,375,87),(477,376,57),(478,377,15),(479,378,15),(480,379,15),(481,380,10),(482,381,57),(483,382,57),(484,383,57),(485,384,28),(486,385,57),(487,386,89),(488,387,57),(489,388,87),(490,389,2),(491,389,10),(492,390,57),(493,391,26),(494,392,28),(495,393,57),(496,394,2),(497,394,90),(498,395,57),(499,396,91),(500,396,92),(501,397,10),(502,397,45),(503,398,57),(504,399,93),(505,400,2),(506,401,57),(507,402,69),(508,403,57),(509,404,57),(510,405,57),(511,406,2),(512,406,10),(513,407,57),(514,408,94),(515,409,2),(516,409,83),(517,409,95),(518,410,10),(519,411,57),(520,412,57),(521,413,16),(522,413,96),(523,414,97),(524,415,9),(525,416,28),(526,417,2),(527,417,10),(528,418,57),(529,419,97),(530,420,2),(531,421,9),(532,422,9),(533,423,2),(534,423,10),(535,424,9),(536,425,89),(537,426,2),(538,427,74),(540,428,15),(539,428,16),(541,429,3),(542,430,2),(543,430,10),(544,431,2),(545,431,10),(546,432,15),(547,433,74),(548,434,97),(549,435,94),(550,436,57),(551,437,9),(552,438,2),(553,438,10),(554,439,97),(556,440,15),(555,440,16),(557,440,96),(558,441,2),(559,442,2),(560,443,2),(561,444,57),(562,445,58),(563,446,2),(564,447,53),(565,448,97),(566,449,2),(567,450,15),(568,451,16),(569,451,96),(570,452,3),(571,453,2),(572,454,24),(573,454,25),(574,455,10),(575,455,45),(576,456,57),(577,457,2),(578,458,10),(579,458,45),(580,459,2),(581,459,90),(582,460,58),(583,461,58),(584,462,28),(585,463,2),(586,463,98),(587,464,74),(588,465,74),(589,466,10),(590,466,45),(591,467,10),(592,468,3),(593,469,58),(594,470,57),(595,471,74),(596,472,2),(597,473,74),(598,474,2),(599,475,74),(600,476,74),(601,477,74),(602,478,58),(603,479,74),(604,480,74),(605,481,74),(606,482,2),(607,483,16),(608,483,96),(609,484,2),(610,484,83),(611,484,95),(612,485,97),(613,486,74),(614,487,74),(615,488,16),(616,488,96),(617,489,74),(618,490,16),(619,490,96),(620,491,10),(621,491,45),(622,492,74),(623,493,74),(624,494,74),(625,495,74),(626,496,74),(627,497,10),(628,497,45),(629,498,2),(630,499,74),(631,500,74),(632,501,74),(633,501,99),(634,502,74),(635,503,74),(636,504,74),(637,505,74),(638,506,10),(639,507,74),(640,508,74),(641,509,74),(642,510,74),(643,511,74),(644,512,74),(645,513,45),(646,513,46),(647,514,58),(648,515,74),(649,516,2),(650,517,74),(651,518,74),(652,519,2),(653,520,16),(654,520,96),(655,521,74),(656,522,74),(657,523,97),(658,524,74),(659,525,2),(660,526,45),(661,526,46),(662,527,15),(663,528,2),(664,529,24),(665,530,16),(666,530,96),(667,531,97),(668,532,16),(669,532,96),(670,533,24),(671,534,2),(672,535,31),(673,535,32),(674,536,24),(675,537,31),(676,537,32),(677,538,16),(678,538,96),(679,539,16),(680,539,96),(681,540,2),(682,541,24),(683,542,2),(684,542,100);
/*!40000 ALTER TABLE `boxoffice_app_eventpromoter` ENABLE KEYS */;
UNLOCK TABLES;

--
-- Table structure for table `boxoffice_app_price`
--

DROP TABLE IF EXISTS `boxoffice_app_price`;
/*!40101 SET @saved_cs_client     = @@character_set_client */;
/*!40101 SET character_set_client = utf8 */;
CREATE TABLE `boxoffice_app_price` (
  `id` int(11) NOT NULL AUTO_INCREMENT,
  `price` double NOT NULL,
  PRIMARY KEY (`id`)
) ENGINE=InnoDB AUTO_INCREMENT=383 DEFAULT CHARSET=latin1;
/*!40101 SET character_set_client = @saved_cs_client */;

--
-- Dumping data for table `boxoffice_app_price`
--

LOCK TABLES `boxoffice_app_price` WRITE;
/*!40000 ALTER TABLE `boxoffice_app_price` DISABLE KEYS */;
INSERT INTO `boxoffice_app_price` VALUES (1,161.3),(2,83.3),(3,157.8),(4,79.3),(5,2280),(6,480),(7,159.15),(8,80.2),(9,161.4),(10,121.4),(11,124.5),(12,45.5),(13,205),(14,65),(15,63.91),(16,195.25),(17,69.75),(18,182.5),(19,62.5),(20,224.5),(21,65.5),(22,175),(23,69.5),(24,75),(25,32),(26,25),(27,74.5),(28,44.5),(29,92.22),(30,7161),(31,123),(32,18),(33,125),(34,65.02),(35,43.33),(36,60.39),(37,130),(38,60),(39,44.16),(40,35),(41,150),(42,100),(43,49.75),(44,30),(45,20),(46,195),(47,39.5),(48,80),(49,40),(50,46),(51,32.5),(52,46.5),(53,36.5),(54,57),(55,27),(56,15),(57,183.94),(58,32.46),(59,202.35),(60,35.49),(61,261.96),(62,59.88),(63,202.82),(64,49.33),(65,186.34),(66,47.92),(67,190.35),(68,48.95),(69,248.37),(70,45.16),(71,259.57),(72,50.39),(73,185.13),(74,47.6),(75,185.4),(76,47.67),(77,93.65),(78,72.02),(79,214.23),(80,85.65),(81,93.93),(82,72.24),(83,72),(84,81.98),(85,74.67),(86,55),(87,47.5),(88,42.5),(89,61.5),(90,36),(91,37.5),(92,71),(93,9),(94,76.47),(95,18.69),(96,29),(97,50),(98,26.5),(99,54),(100,42),(101,34),(102,7),(103,10),(104,9.28),(105,13.25),(106,41),(107,14.58),(108,22.5),(109,17.5),(110,279),(111,99),(112,253.5),(113,168.5),(114,99.5),(115,29.5),(116,252),(117,167),(118,141.57),(119,59.61),(120,105.78),(121,48.08),(122,89.5),(123,143.76),(124,60.53),(125,144.09),(126,60.67),(127,96.93),(128,53.85),(129,142.34),(130,59.93),(131,134.2),(132,59.65),(133,141.47),(134,59.57),(135,141.9),(136,59.75),(137,54.5),(138,135.24),(139,55.6),(140,136.19),(141,60.12),(142,56.99),(143,144.12),(144,60.68),(145,126),(146,24),(147,49.5),(148,96.64),(149,53.69),(150,350),(151,110),(152,70),(153,247.5),(154,121),(155,96),(156,86),(157,76),(158,95),(159,45),(160,85),(161,34.5),(162,77),(163,59.5),(164,18.75),(165,79.5),(166,28.5),(167,33.5),(168,57.5),(169,28),(170,16),(171,37),(172,33),(173,27.5),(174,24.5),(175,19),(176,22),(177,23),(178,13),(179,318.57),(180,84.95),(181,296.21),(182,71.5),(183,414.64),(184,41.46),(185,167.41),(186,59.24),(187,340.21),(188,123.71),(189,159.5),(190,76.06),(191,53.24),(192,45.68),(193,81),(194,61),(195,249.5),(196,45.24),(197,76.5),(198,165),(199,104.5),(200,82.5),(201,75.6),(202,68.04),(203,85.89),(204,59.52),(205,98.18),(206,52.87),(207,73),(208,35.5),(209,63.02),(210,41.76),(211,61.65),(212,46.19),(213,55.9),(214,52.88),(215,57.59),(216,109.5),(217,29.75),(218,200),(219,43.02),(220,89),(221,59),(222,39),(223,68.25),(224,65.75),(225,20.5),(226,80.5),(227,30.5),(228,225),(229,67.81),(230,52.74),(231,79),(232,69),(233,49),(234,63),(235,43),(236,26),(237,96.5),(238,15.12),(239,83.5),(240,38.5),(241,119.99),(242,38),(243,19.5),(244,15.4),(245,15.62),(246,14),(247,14.98),(248,13.11),(249,13.13),(250,17),(251,14.96),(252,13.47),(253,13.53),(254,11.28),(255,10.66),(256,12),(257,9.72),(258,8.98),(259,8),(260,155),(261,105),(262,192.3),(263,30.77),(264,65.09),(265,74.38),(266,29.53),(267,201),(268,79.14),(269,169.22),(270,23.08),(271,73.44),(272,63.68),(273,22.47),(274,105.74),(275,70.21),(276,120),(277,113.12),(278,30.17),(279,29.92),(280,28.05),(281,24.15),(282,88.58),(283,26.58),(284,250),(285,57.12),(286,28.56),(287,42.54),(288,268.28),(289,58.45),(290,57.26),(291,28.63),(292,33.42),(293,46.07),(294,36.48),(295,57.41),(296,28.71),(297,32.44),(298,32.39),(299,58.04),(300,29.02),(301,57.98),(302,28.99),(303,28.75),(304,199),(305,31),(306,27.4),(307,255),(308,62.29),(309,99.98),(310,22.82),(311,56.5),(312,41.5),(313,57.71),(314,28.85),(315,46.82),(316,43.8),(317,299.5),(318,115),(319,35.29),(320,55.89),(321,27.94),(322,94.5),(323,49.35),(324,24.68),(325,49.44),(326,24.72),(327,49.59),(328,24.8),(329,72.13),(330,35.03),(331,54.85),(332,15.03),(333,48.84),(334,24.42),(335,64),(336,49.1),(337,24.55),(338,76.82),(339,56.34),(340,48.85),(341,24.43),(342,21.25),(343,49.43),(344,49.06),(345,24.53),(346,49.46),(347,24.73),(348,19.2),(349,49.14),(350,24.57),(351,49.49),(352,24.74),(353,16.08),(354,25.75),(355,94.96),(356,26.38),(357,48.69),(358,24.35),(359,56),(360,26.9),(361,31.6),(362,30.01),(363,22.51),(364,56.51),(365,28.25),(366,52.5),(367,56.37),(368,31.8),(369,26.32),(370,15.04),(371,9.95),(372,47.72),(373,23.86),(374,26.31),(375,22.55),(376,21),(377,14.25),(378,22.25),(379,13.46),(380,20.95),(381,18.71),(382,122);
/*!40000 ALTER TABLE `boxoffice_app_price` ENABLE KEYS */;
UNLOCK TABLES;

--
-- Table structure for table `boxoffice_app_promoter`
--

DROP TABLE IF EXISTS `boxoffice_app_promoter`;
/*!40101 SET @saved_cs_client     = @@character_set_client */;
/*!40101 SET character_set_client = utf8 */;
CREATE TABLE `boxoffice_app_promoter` (
  `id` int(11) NOT NULL AUTO_INCREMENT,
  `name` varchar(256) NOT NULL,
  PRIMARY KEY (`id`)
) ENGINE=InnoDB AUTO_INCREMENT=101 DEFAULT CHARSET=latin1;
/*!40101 SET character_set_client = @saved_cs_client */;

--
-- Dumping data for table `boxoffice_app_promoter`
--

LOCK TABLES `boxoffice_app_promoter` WRITE;
/*!40000 ALTER TABLE `boxoffice_app_promoter` DISABLE KEYS */;
INSERT INTO `boxoffice_app_promoter` VALUES (1,'The Messina Group'),(2,'AEG Live'),(3,'Live Nation'),(4,'Cardenas Marketing Network'),(5,'Frontier Touring'),(6,'Beaver Productions'),(7,'Northwestern College'),(8,'PFM'),(9,'Nederlander'),(10,'in-house'),(11,'707 Ventures'),(12,'VenuWorks of Cedar Rapids'),(13,'Lorie Line Music'),(14,'VenuWorks'),(15,'NS2'),(16,'Frank Productions'),(17,'VenuWorks of Evansville'),(18,'Methodist Temple UMC'),(19,'Live Nation Global Touring'),(20,'Live Nation U.K.'),(21,'Ringside'),(22,'Chugg Entertainment'),(23,'Premier Artists'),(24,'C3 Presents'),(25,'Caesars Entertainment'),(26,'Jam Productions'),(27,'Evansville Philharmonic Orchestra'),(28,'Move Concerts'),(29,'Goldenvoice'),(30,'Evansville Philharmonic Youth Orchestra'),(31,'Greenland Productions'),(32,'evenko'),(33,'Insomniac'),(34,'Marshall Arts USA'),(35,'Andre Rieu Productions'),(36,'Palace Sports & Entertainment'),(37,'KMMS'),(38,'MSG Entertainment'),(39,'Rival Entertainment'),(40,'Getty Music'),(41,'NiteLite Promotions'),(42,'South Bend Symphony Orchestra'),(43,'Mercury Concerts'),(44,'Off The Kerb Productions'),(45,'Red Mountain Entertainment'),(46,'MarchOne Music'),(47,'Concerts West'),(48,'Kilimanjaro Live'),(49,'Madison House Presents'),(50,'DF Concerts'),(51,'Robomagic'),(52,'Larry Magid Entertainment'),(53,'SMG'),(54,'SJM Concerts'),(55,'Geestar Productions'),(56,'Icon Concerts'),(57,'3A Entertainment'),(58,'I.M.P.'),(59,'Savage 61'),(60,'Star Nation'),(61,'Broadway Grand Rapids'),(62,'Roberts Group'),(63,'Spectra Presents'),(64,'Smash Productions'),(65,'Metropolitan Entertainment Consultants'),(66,'CMH Productions'),(67,'Broadway Theatre League'),(68,'Reading Symphony Orchestra'),(69,'Midland Odessa Symphony & Chorale'),(70,'Rafael A. Pina Nives'),(71,'OCESA-CIE'),(72,'Zzoom Access'),(73,'iHeartMedia'),(74,'Another Planet Entertainment'),(75,'FUAAN Financiera'),(76,'Efrain Garcia Cortes'),(77,'One World Entertainment'),(78,'EMO'),(79,'KOST 103.5'),(80,'Best Shine Entertainment'),(81,'Westwood Entertainment'),(82,'Silver Wrapper'),(83,'React Presents'),(84,'Dave Ness'),(85,'Fox Concerts'),(86,'Larry Rosen Productions'),(87,'Hennepin Theatre Trust'),(88,'Jam Theatricals'),(89,'First Avenue'),(90,'Ruth Eckerd Hall Presents'),(91,'Abstract Earth Project'),(92,'Soul\'d Out Productions'),(93,'Paul Mercs Concerts'),(94,'Blueprint'),(95,'Elektricity'),(96,'True Endeavors'),(97,'PromoWest Productions'),(98,'The Crofoot'),(99,'Hush Concerts'),(100,'Communion Presents');
/*!40000 ALTER TABLE `boxoffice_app_promoter` ENABLE KEYS */;
UNLOCK TABLES;

--
-- Table structure for table `boxoffice_app_updatelog`
--

DROP TABLE IF EXISTS `boxoffice_app_updatelog`;
/*!40101 SET @saved_cs_client     = @@character_set_client */;
/*!40101 SET character_set_client = utf8 */;
CREATE TABLE `boxoffice_app_updatelog` (
  `id` int(11) NOT NULL AUTO_INCREMENT,
  `last_update` varchar(128) NOT NULL,
  PRIMARY KEY (`id`)
) ENGINE=InnoDB AUTO_INCREMENT=2 DEFAULT CHARSET=latin1;
/*!40101 SET character_set_client = @saved_cs_client */;

--
-- Dumping data for table `boxoffice_app_updatelog`
--

LOCK TABLES `boxoffice_app_updatelog` WRITE;
/*!40000 ALTER TABLE `boxoffice_app_updatelog` DISABLE KEYS */;
INSERT INTO `boxoffice_app_updatelog` VALUES (1,'2016-01-13 08:00:02');
/*!40000 ALTER TABLE `boxoffice_app_updatelog` ENABLE KEYS */;
UNLOCK TABLES;

--
-- Table structure for table `boxoffice_app_venue`
--

DROP TABLE IF EXISTS `boxoffice_app_venue`;
/*!40101 SET @saved_cs_client     = @@character_set_client */;
/*!40101 SET character_set_client = utf8 */;
CREATE TABLE `boxoffice_app_venue` (
  `id` int(11) NOT NULL AUTO_INCREMENT,
  `name` varchar(256) NOT NULL,
  PRIMARY KEY (`id`)
) ENGINE=InnoDB AUTO_INCREMENT=238 DEFAULT CHARSET=latin1;
/*!40101 SET character_set_client = @saved_cs_client */;

--
-- Dumping data for table `boxoffice_app_venue`
--

LOCK TABLES `boxoffice_app_venue` WRITE;
/*!40000 ALTER TABLE `boxoffice_app_venue` DISABLE KEYS */;
INSERT INTO `boxoffice_app_venue` VALUES (1,'AAMI Park'),(2,'ANZ Stadium'),(3,'Mercedes-Benz Arena'),(4,'Suncorp Stadium'),(5,'Adelaide Entertainment Centre'),(6,'Time Warner Cable Arena'),(7,'SAP Center'),(8,'Qantas Credit Union Arena'),(9,'Don Haskins Center'),(10,'American Airlines Center'),(11,'Rabobank Arena'),(12,'Tucson Convention Center'),(13,'Smoothie King Center'),(14,'Target Center'),(15,'Frank Erwin Center'),(16,'Hordern Pavilion'),(17,'Atlantic City Boardwalk Hall'),(18,'Durham Performing Arts Center'),(19,'Mohegan Sun Arena'),(20,'The Joint, Hard Rock Hotel'),(21,'EagleBank Arena'),(22,'U.S. Cellular Center'),(23,'Ames Center'),(24,'Wortham Center, Cullen Theatre'),(25,'Ford Center'),(26,'Victory Theatre'),(27,'AccorHotels Arena'),(28,'3Arena'),(29,'O2 Arena'),(30,'Pala Alpitour'),(31,'Ziggo Dome'),(32,'SSE Hydro'),(33,'SSE Arena'),(34,'Palau Sant Jordi'),(35,'Sportpaleis'),(36,'SAP Arena'),(37,'Jyske Bank Boxen'),(38,'Verizon Arena'),(39,'Palais Theatre'),(40,'Harrah\'s Resort Southern California, Events Center'),(41,'Fourth Presbyterian Church'),(42,'Chicago Theatre'),(43,'The Vic'),(44,'Centro de Convenciones de la Conmebol'),(45,'Riviera Theatre'),(46,'State Theatre'),(47,'Sound Board Theater at MotorCity Casino'),(48,'Theatre at Ace Hotel'),(49,'Music Hall'),(50,'Harrah\'s Lake Tahoe South Shore Room'),(51,'Park West'),(52,'Music Hall Loft'),(53,'Petit Campus'),(54,'Orlando Citrus Bowl Stadium'),(55,'First Niagara Center'),(56,'Bryce Jordan Center'),(57,'Palace of Auburn Hills'),(58,'Genting Arena'),(59,'GelreDome'),(60,'Amway Center'),(61,'Aberdeen Exhibition & Conference Centre'),(62,'Echo Arena'),(63,'Motorpoint Arena'),(64,'Manchester Arena'),(65,'Madison Square Garden'),(66,'Capital FM Arena'),(67,'Paleis 12'),(68,'Metro Radio Arena'),(69,'The Theater at Madison Square Garden'),(70,'Zenith'),(71,'The Showroom at The Flamingo'),(72,'Microsoft Theater'),(73,'North Charleston Performing Arts Center'),(74,'Cerritos Center'),(75,'PlayStation Theater'),(76,'Radio City Music Hall'),(77,'Fox Theatre'),(78,'Beacon Theatre'),(79,'Morris Performing Arts Center'),(80,'Family Circle Tennis Center'),(81,'Town Hall'),(82,'Stage AE'),(83,'Township Auditorium'),(84,'Apollo Theatre'),(85,'War Memorial Arena at Oncenter'),(86,'Count Basie Theatre'),(87,'College Street Music Hall'),(88,'iPlay America\'s Event Center'),(89,'Carolina Theatre'),(90,'Town Ballroom'),(91,'The Emporium'),(92,'Upstate Concert Hall'),(93,'Amos\' Southend'),(94,'Lincoln Theatre'),(95,'Music Farm'),(96,'New Brookland Tavern'),(97,'Allianz Parque'),(98,'Hipodromo de San Isidro'),(99,'Estadio Nacional'),(100,'Arena do Gremio'),(101,'Pedreira Paulo Leminski'),(102,'BB&T Center'),(103,'Birmingham Jefferson Convention Complex'),(104,'Van Andel Arena'),(105,'The Colosseum at Caesars Palace'),(106,'Citizens Business Bank Arena'),(107,'Toyota Center'),(108,'Santander Arena'),(109,'Budweiser Gardens'),(110,'Academy of Music'),(111,'Electric Factory'),(112,'9:30 Club'),(113,'The Fonda Theater'),(114,'Liacouras Center'),(115,'DeVos Performance Hall'),(116,'XFINITY Arena'),(117,'Clyde Auditorium'),(118,'Club NOKIA'),(119,'Mann Center for the Performing Arts'),(120,'Mayo Center for the Performing Arts'),(121,'Fox Theater'),(122,'Wagner Noel Performing Arts Center'),(123,'Ryman Auditorium'),(124,'Cobb Energy Performing Arts Centre'),(125,'Iron City'),(126,'Trocadero Theatre'),(127,'Santander Performing Arts Center'),(128,'Emo\'s'),(129,'Playhouse on Rodney Square'),(130,'Grand Opera House'),(131,'Minglewood Hall'),(132,'El Rey Theatre'),(133,'The Parish'),(134,'Druid City Music Hall'),(135,'Coda'),(136,'Vulcan Gas Company'),(137,'Sherman Theater'),(138,'Theatre Fairmount'),(139,'World Cafe'),(140,'La Sala Rossa'),(141,'Le Petit Cabaret'),(142,'Stubb\'s Bar-B-Q/Waller Creek Amphitheatre'),(143,'Bar Le Ritz P.D.B.'),(144,'Coliseo de Puerto Rico Jose Miguel Agrelot'),(145,'Staples Center'),(146,'Auditorio Nacional'),(147,'Verizon Center'),(148,'Bell Centre'),(149,'Scottrade Center'),(150,'Schottenstein Center'),(151,'Bill Graham Civic Auditorium'),(152,'KFC Yum! Center'),(153,'Eventim Apollo'),(154,'Neal S. Blaisdell Center'),(155,'Shrine Expo Hall'),(156,'Theatre L\'Olympia'),(157,'Luna Park'),(158,'First Direct Arena'),(159,'Barclaycard Arena'),(160,'Shrine Auditorium'),(161,'Aragon Ballroom'),(162,'Brighton Centre'),(163,'Bournemouth International Centre'),(164,'Paramount Theatre'),(165,'Van Wezel Performing Arts Hall'),(166,'Viejas Arena'),(167,'Barbara B. Mann Performing Arts Hall'),(168,'Parque de la Exposicion'),(169,'Adrienne Arsht Center for the Performing Arts, Knight Concert Hall'),(170,'The Chelsea at The Cosmopolitan'),(171,'Orpheum Theatre'),(172,'Ovens Auditorium'),(173,'F.M. Kirby Center'),(174,'Empire Theatre'),(175,'Bridgewater Hall'),(176,'Sage'),(177,'Arena Sancor Seguros Stadium'),(178,'Barbican Centre'),(179,'First Avenue'),(180,'Colston Hall'),(181,'Pantages Theatre'),(182,'Coral Springs Center for the Arts'),(183,'De Montfort Hall'),(184,'La Plaza de la Musica'),(185,'Symphony Hall'),(186,'Ruth Eckerd Hall'),(187,'Roseland Theater'),(188,'Corn Exchange'),(189,'Agora Theatre'),(190,'Guildhall'),(191,'Watford Colosseum'),(192,'City Hall'),(193,'Plymouth Pavilions'),(194,'David A. Straz, Jr. Center for the Performing Arts, Ferguson Hall'),(195,'St. David\'s Hall'),(196,'Commodore Ballroom'),(197,'Royal Oak Music Theatre'),(198,'Venue Cymru'),(199,'G Live'),(200,'Overture Center for the Arts'),(201,'Lifestyle Communities Pavilion'),(202,'City National Grove of Anaheim'),(203,'Espaco das Americas'),(204,'Florida Theatre'),(205,'Cliffs Pavilion'),(206,'Thousand Oaks Civic Arts Plaza'),(207,'Headliners'),(208,'The Independent'),(209,'Old National Events Plaza'),(210,'Parker Playhouse'),(211,'Capitol Theatre'),(212,'Newport Music Hall'),(213,'Flames Central'),(214,'Philharmonic Hall'),(215,'Union Theatre'),(216,'Liberty Hall'),(217,'The Ritz Ybor'),(218,'Skyway Theater'),(219,'Hoyt Sherman Place'),(220,'Barrymore Theatre'),(221,'O\'Brian\'s Event Centre'),(222,'Marathon Music Works'),(223,'Fundicao Progresso'),(224,'Garrick Centre at the Marlborough'),(225,'Royal Concert Hall'),(226,'Plaza Live'),(227,'Majestic Theatre'),(228,'Robert T. Meyer Theatre'),(229,'Mayo Civic Center, Presentation Hall'),(230,'The Garage'),(231,'The Record Bar'),(232,'High Noon Saloon'),(233,'Turner Hall'),(234,'Magic Bag Theatre'),(235,'Club Soda'),(236,'Cafe Campus'),(237,'The Tank Room');
/*!40000 ALTER TABLE `boxoffice_app_venue` ENABLE KEYS */;
UNLOCK TABLES;

--
-- Table structure for table `django_admin_log`
--

DROP TABLE IF EXISTS `django_admin_log`;
/*!40101 SET @saved_cs_client     = @@character_set_client */;
/*!40101 SET character_set_client = utf8 */;
CREATE TABLE `django_admin_log` (
  `id` int(11) NOT NULL AUTO_INCREMENT,
  `action_time` datetime NOT NULL,
  `object_id` longtext,
  `object_repr` varchar(200) NOT NULL,
  `action_flag` smallint(5) unsigned NOT NULL,
  `change_message` longtext NOT NULL,
  `content_type_id` int(11) DEFAULT NULL,
  `user_id` int(11) NOT NULL,
  PRIMARY KEY (`id`),
  KEY `djang_content_type_id_697914295151027a_fk_django_content_type_id` (`content_type_id`),
  KEY `django_admin_log_user_id_52fdd58701c5f563_fk_auth_user_id` (`user_id`),
  CONSTRAINT `django_admin_log_user_id_52fdd58701c5f563_fk_auth_user_id` FOREIGN KEY (`user_id`) REFERENCES `auth_user` (`id`),
  CONSTRAINT `djang_content_type_id_697914295151027a_fk_django_content_type_id` FOREIGN KEY (`content_type_id`) REFERENCES `django_content_type` (`id`)
) ENGINE=InnoDB DEFAULT CHARSET=latin1;
/*!40101 SET character_set_client = @saved_cs_client */;

--
-- Dumping data for table `django_admin_log`
--

LOCK TABLES `django_admin_log` WRITE;
/*!40000 ALTER TABLE `django_admin_log` DISABLE KEYS */;
/*!40000 ALTER TABLE `django_admin_log` ENABLE KEYS */;
UNLOCK TABLES;

--
-- Table structure for table `django_content_type`
--

DROP TABLE IF EXISTS `django_content_type`;
/*!40101 SET @saved_cs_client     = @@character_set_client */;
/*!40101 SET character_set_client = utf8 */;
CREATE TABLE `django_content_type` (
  `id` int(11) NOT NULL AUTO_INCREMENT,
  `app_label` varchar(100) NOT NULL,
  `model` varchar(100) NOT NULL,
  `name` varchar(100) DEFAULT NULL,
  PRIMARY KEY (`id`),
  UNIQUE KEY `django_content_type_app_label_45f3b1d93ec8c61c_uniq` (`app_label`,`model`)
) ENGINE=InnoDB AUTO_INCREMENT=18 DEFAULT CHARSET=latin1;
/*!40101 SET character_set_client = @saved_cs_client */;

--
-- Dumping data for table `django_content_type`
--

LOCK TABLES `django_content_type` WRITE;
/*!40000 ALTER TABLE `django_content_type` DISABLE KEYS */;
INSERT INTO `django_content_type` VALUES (1,'admin','logentry',NULL),(2,'auth','permission',NULL),(3,'auth','group',NULL),(4,'auth','user',NULL),(5,'contenttypes','contenttype',NULL),(6,'sessions','session',NULL),(7,'boxoffice_app','updatelog',NULL),(8,'boxoffice_app','artistevent',NULL),(9,'boxoffice_app','city',NULL),(10,'boxoffice_app','venue',NULL),(11,'boxoffice_app','price',NULL),(12,'boxoffice_app','promoter',NULL),(13,'boxoffice_app','event',NULL),(14,'boxoffice_app','eventpromoter',NULL),(15,'boxoffice_app','eventprice',NULL),(16,'boxoffice_app','date',NULL),(17,'boxoffice_app','errorlog',NULL);
/*!40000 ALTER TABLE `django_content_type` ENABLE KEYS */;
UNLOCK TABLES;

--
-- Table structure for table `django_migrations`
--

DROP TABLE IF EXISTS `django_migrations`;
/*!40101 SET @saved_cs_client     = @@character_set_client */;
/*!40101 SET character_set_client = utf8 */;
CREATE TABLE `django_migrations` (
  `id` int(11) NOT NULL AUTO_INCREMENT,
  `app` varchar(255) NOT NULL,
  `name` varchar(255) NOT NULL,
  `applied` datetime NOT NULL,
  PRIMARY KEY (`id`)
) ENGINE=InnoDB AUTO_INCREMENT=11 DEFAULT CHARSET=latin1;
/*!40101 SET character_set_client = @saved_cs_client */;

--
-- Dumping data for table `django_migrations`
--

LOCK TABLES `django_migrations` WRITE;
/*!40000 ALTER TABLE `django_migrations` DISABLE KEYS */;
INSERT INTO `django_migrations` VALUES (1,'contenttypes','0001_initial','2015-12-16 11:39:32'),(2,'auth','0001_initial','2015-12-16 11:39:32'),(3,'admin','0001_initial','2015-12-16 11:39:32'),(4,'contenttypes','0002_remove_content_type_name','2015-12-16 11:39:32'),(5,'auth','0002_alter_permission_name_max_length','2015-12-16 11:39:33'),(6,'auth','0003_alter_user_email_max_length','2015-12-16 11:39:33'),(7,'auth','0004_alter_user_username_opts','2015-12-16 11:39:33'),(8,'auth','0005_alter_user_last_login_null','2015-12-16 11:39:33'),(9,'auth','0006_require_contenttypes_0002','2015-12-16 11:39:33'),(10,'sessions','0001_initial','2015-12-16 11:39:33');
/*!40000 ALTER TABLE `django_migrations` ENABLE KEYS */;
UNLOCK TABLES;

--
-- Table structure for table `django_session`
--

DROP TABLE IF EXISTS `django_session`;
/*!40101 SET @saved_cs_client     = @@character_set_client */;
/*!40101 SET character_set_client = utf8 */;
CREATE TABLE `django_session` (
  `session_key` varchar(40) NOT NULL,
  `session_data` longtext NOT NULL,
  `expire_date` datetime NOT NULL,
  PRIMARY KEY (`session_key`),
  KEY `django_session_de54fa62` (`expire_date`)
) ENGINE=InnoDB DEFAULT CHARSET=latin1;
/*!40101 SET character_set_client = @saved_cs_client */;

--
-- Dumping data for table `django_session`
--

LOCK TABLES `django_session` WRITE;
/*!40000 ALTER TABLE `django_session` DISABLE KEYS */;
/*!40000 ALTER TABLE `django_session` ENABLE KEYS */;
UNLOCK TABLES;
/*!40103 SET TIME_ZONE=@OLD_TIME_ZONE */;

/*!40101 SET SQL_MODE=@OLD_SQL_MODE */;
/*!40014 SET FOREIGN_KEY_CHECKS=@OLD_FOREIGN_KEY_CHECKS */;
/*!40014 SET UNIQUE_CHECKS=@OLD_UNIQUE_CHECKS */;
/*!40101 SET CHARACTER_SET_CLIENT=@OLD_CHARACTER_SET_CLIENT */;
/*!40101 SET CHARACTER_SET_RESULTS=@OLD_CHARACTER_SET_RESULTS */;
/*!40101 SET COLLATION_CONNECTION=@OLD_COLLATION_CONNECTION */;
/*!40111 SET SQL_NOTES=@OLD_SQL_NOTES */;

-- Dump completed on 2016-01-18  5:00:00
